SN,mjd obs,flux (mJy),mjd exp date,dt (days),dt (years),redshift,Luminosity,classification,status,type
SN2018hon,58585,0.52,58416.26899,168.73101,0.4622767397,0.081,9.01E+28,new_VLASS,real,IIn
SN2018hon,59549,1.803,58416.26899,1132.73101,3.10337263,0.081,3.12E+29,new_VLASS,real,IIn
SN2018hon,60480,0.372,58416.26899,2063.73101,5.654057562,0.081,6.45E+28,new_VLASS,real,IIn
SN2018hon,60826.70367,0.532,58416.26899,2410.43468,6.60393063,0.081,9.22E+28,25A-386 upper,upper,IIn
SN2019aur,58652,0.977,58526.26199,125.7380093,0.3444876966,0.0124,3.60E+27,new_VLASS,real,IIb
SN2019aur,59499,0.414,58526.26199,972.7380093,2.665035642,0.0124,1.52E+27,new_VLASS,real,IIb
SN2019aur,60470,0.359,58526.26199,1943.738009,5.325309614,0.0124,1.32E+27,new_VLASS,real,IIb
SN2019aur,60840.76803,0.365,58526.26199,2314.506039,6.341112436,0.0124,1.34E+27,25A-386 Observations,real,IIb
SN2019njv,58031,0.289,58707.29899,-676.29899,-1.852873945,0.01458,1.48E+27,new_VLASS,real,IIn
SN2019njv,59070,0.697,58707.29899,362.70101,0.9937013973,0.01458,3.56E+27,new_VLASS,real,IIn
SN2019njv,59978,8.017,58707.29899,1270.70101,3.48137263,0.01458,4.09E+28,new_VLASS,real,IIn
SN2019njv,60823.48927,5.902,58707.29899,2116.19028,5.797781589,0.01458,3.01E+28,25A-386 Observations,real,IIn
SN2019njv,59576.533,2.056,58707.29899,868,2.37808219178,0.01458,1.049614947973001e+28,ASKAP Observations,real,IIn
SN2019pqo,58584,0.367,58733.21242,-149.21242,-0.4088011507,0.01413,1.76E+27,new_VLASS,real,IIb
SN2019pqo,59533,0.359,58733.21242,799.78758,2.191198849,0.01413,1.72E+27,new_VLASS,real,IIb
SN2019pqo,60481,0.938,58733.21242,1747.78758,4.788459123,0.01413,4.49E+27,new_VLASS,real,IIb
SN2019pqo,60827.12607,2.045,58733.21242,2093.91365,5.736749726,0.01413,9.80E+27,25A-386 Observations,real,IIb
SN2019wqq,58628,0.436,58828.42859953704,-199.839,-0.54750410958,0.01123,1.328616598360918e+27,new_VLASS,real,IIb
SN2019wqq,59545,0.45,58828.42859953704,717.161,1.96482465753,0.01123,1.3712785992257184e+27,new_VLASS,real,IIb
SN2019wqq,60461,3.15,58828.42859953704,1632.571,4.47279726027,0.01123,9.598950194580029e+27,new_VLASS,real,IIb
SN2019wqq,60881.82798,5.705,58828.42859953704,2053.399,5.62575068493,0.01123,1.738476535240605e+28,25A-386 Observations,real,IIb
SN2019yvs,58590,0.364,58845.55899,-255.55899,-0.7001616164,0.0255,5.78E+27,new_VLASS,real,Ib
SN2019yvs,59488,0.389,58845.55899,642.44101,1.760112356,0.0255,6.17E+27,new_VLASS,real,Ib
SN2019yvs,60471,0.894,58845.55899,1625.44101,4.453263041,0.0255,1.42E+28,new_VLASS,real,Ib
SN2019yvs,60828.05281,0.713,58845.55899,1982.49382,5.431489918,0.0255,1.13E+28,25A-386 Observations,real,Ib
SN2020aqe,58157,0.411,58871.575,-714.575,-1.957739726,0.01225,1.48E+27,new_VLASS,real,II
SN2020aqe,59154,1.946,58871.575,282.425,0.7737671233,0.01225,6.99E+27,new_VLASS,real,II
SN2020aqe,60098,0.648,58871.575,1226.425,3.360068493,0.01225,2.33E+27,new_VLASS,real,II
SN2020aqe,60827.03267,2.614,58871.575,1955.45767,5.357418274,0.01225,9.39E+27,25A-386 upper,upper,II
SN2020adhh,58580,0.413,59200.3116,-629.639,-1.725038356,0.022,4.96E+27,new_VLASS,upper,II
SN2020adhh,59506,1.479,59200.3116,296.361,0.8119479452,0.022,1.78E+28,new_VLASS,real,II
SN2020adhh,60435,0.697,59200.3116,1234.688,3.382706849,0.022,8.37E+27,new_VLASS,real,II
SN2020adhh,60852.602,1.6,59200.3116,1652.29,4.526821918,0.022,1.92E+28,25A-386 Observations,real,II
SN2020adhh,59572.903,0.177,59200.3116,371,1.01643835616,0.022,2.0802637439326886e+27,ASKAP Observations,real,II
SN2020nec,58551,0.347,59021.587,-479.769,-1.314435616,0.045,1.84E+28,new_VLASS,real,II
SN2020nec,59530,0.507,59021.587,499.231,1.367756164,0.045,2.69E+28,new_VLASS,real,II
SN2020nec,60486,0.289,59021.587,1464.413,4.012090411,0.045,1.54E+28,new_VLASS,real,II
SN2020nec,60853.5226,0.082,59021.587,1831.936,5.01900274,0.045,4.36E+27,25A-386 Observations,real,II
SN2020ywx,58121,0.314,59157.62,-1036.62,-2.840054795,0.0217,3.59E+27,new_VLASS,real,IIn
SN2020ywx,59051,0.359,59157.62,-106.62,-0.292109589,0.0217,4.10E+27,new_VLASS,real,IIn
SN2020ywx,59969,2.923,59157.62,811.38,2.222958904,0.0217,3.34E+28,new_VLASS,real,IIn
SN2020ywx,60839.16554,1.521,59157.62,1681.54554,4.606974082,0.0217,1.74E+28,25A-386 Observations,real,IIn
SN2021aefs,58157,0.511,59527.272,-1370.272,-3.754169863,0.01225,1.84E+27,new_VLASS,real,IIn
SN2021aefs,59154,1.946,59527.272,-373.272,-1.022663014,0.01225,6.99E+27,new_VLASS,real,IIn
SN2021aefs,60098,0.648,59527.272,570.728,1.563638356,0.01225,2.33E+27,new_VLASS,real,IIn
SN2021aefs,60828.01716,3.78,59527.272,1300.74516,3.56368537,0.01225,1.36E+28,25A-386 upper,upper,IIn
SN2021bmf,58651,0.284,59244.613,-593.613,-1.626336986,0.04,1.13E+28,new_VLASS,real,Ic-BL
SN2021bmf,59483,5.57,59244.613,238.387,0.6531150685,0.04,2.22E+29,new_VLASS,real,Ic-BL
SN2021bmf,60479,9.036,59244.613,1234.387,3.381882192,0.04,3.60E+29,new_VLASS,real,Ic-BL
SN2021bmf,60825.39025,7.343,59244.613,1580.77725,4.330896575,0.04,2.93E+29,25A-386 Observations,real,Ic-BL
SN2021bmf,59582.611,1.704,59244.613,337,0.92328767123,0.04,6.797290627685971e+28,ASKAP Observations,real,Ic-BL
SN2021tcv,58587,0.343,59406.596,-819.596,-2.245468493,0.017,2.39E+27,new_VLASS,real,II
SN2021tcv,59511,0.498,59406.596,104.404,0.2860383562,0.017,3.47E+27,new_VLASS,real,II
SN2021tcv,60455,1.213,59406.596,1048.404,2.872339726,0.017,8.45E+27,new_VLASS,real,II
SN2021tcv,60831.59135,1.59,59406.596,1424.99535,3.904096849,0.017,1.11E+28,25A-386 Observations,real,II
SN2022cb,58122,0.268,59584.822,-1462.822,-4.007731507,0.035,8.13E+27,new_VLASS,real,Ib
SN2022cb,59063,0.568,59584.822,-521.822,-1.429649315,0.035,1.72E+28,new_VLASS,real,Ib
SN2022cb,59975,0.954,59584.822,390.178,1.068980822,0.035,2.89E+28,new_VLASS,real,Ib
SN2022cb,60847.77258,0.888,59584.822,1262.950577,3.460138567,0.035,2.69E+28,25A-386 Observations,real,Ib
SN2023axu,58167.0,0.315,59972.11622,-1803.952,-4.94233424658,0.0028,5.8423807859392075e+25,new_VLASS,real,II
SN2023axu,59154.0,0.436,59972.11622,-817.646,-2.2401260274,0.0028,8.086596897363474e+25,new_VLASS,real,II
SN2023axu,60104.0,0.686,59972.11622,132.737,0.36366301369,0.0028,1.2723407044934276e+26,new_VLASS,real,II
SN2023axu,60881.8024,0.333,59972.11622,909.686,2.49229041096,0.0028,6.176231116564304e+25,25A-386 Observations,real,II
SN2023rky,58608,0.391,60193.336,-1585.336,-4.343386301,0.01519,2.17E+27,new_VLASS,real,II
SN2023rky,59525,0.286,60193.336,-668.336,-1.831057534,0.01519,1.59E+27,new_VLASS,real,II
SN2023rky,60489,0.667,60193.336,295.664,0.8100383562,0.01519,3.70E+27,new_VLASS,real,II
SN2023rky,60848.41062,0.333,60193.336,655.0746215,1.79472499,0.01519,1.85E+27,25A-386 Observations,real,II
SN2024ehs,58157,0.309,60384.47002,-2227.47002,-6.102657589,0.00377,1.04E+26,new_VLASS,real,II
SN2024ehs,59535,0.333,60384.47002,-849.47002,-2.327315123,0.00377,1.12E+26,new_VLASS,real,II
SN2024ehs,60431,0.997,60384.47002,46.52998,0.1274793973,0.00377,3.35E+26,new_VLASS,real,II
SN2024ehs,60840.17381,0.102,60384.47002,455.70379,1.248503534,0.00377,3.43E+25,25A-386 Observations,real,II
1986J,55813,1.76,46663,9150,25.06849315,0.001763,1.29E+26,Archival IIn,real,IIn
1986J,55822,1.79,46663,9159,25.09315068,0.001763,1.31E+26,Archival IIn,real,IIn
1986J,56027,1.82,46663,9364,25.65479452,0.001763,1.33E+26,Archival IIn,real,IIn
1986J,56952,1.62,46663,10289,28.1890411,0.001763,1.19E+26,Archival IIn,real,IIn
1986J,58587,1.194,46663,11924,32.66849315,0.001763,8.76E+25,VLASS IIn,real,IIn
1986J,59511,1.142,46663,12848,35.2,0.001763,8.38E+25,VLASS IIn,real,IIn
1986J,60455,1.272,46663,13792,37.78630137,0.001763,9.33E+25,VLASS IIn,real,IIn
SN2004c,53029.41,0.556,53016,13.41,0.03673972603,0.0057,4.28E+26,Archival Ibc,real,Ic
SN2004c,53041.36,0.938,53016,25.36,0.06947945205,0.0057,7.22E+26,Archival Ibc,real,Ic
SN2004c,53081.15,2.326,53016,65.15,0.1784931507,0.0057,1.79E+27,Archival Ibc,real,Ic
SN2004c,53088.21,3.101,53016,72.21,0.1978356164,0.0057,2.39E+27,Archival Ibc,real,Ic
SN2004c,53101.07,3.952,53016,85.07,0.2330684932,0.0057,3.04E+27,Archival Ibc,real,Ic
SN2004c,53107.14,3.678,53016,91.14,0.2496986301,0.0057,2.83E+27,Archival Ibc,real,Ic
SN2004c,53113.08,3.387,53016,97.08,0.2659726027,0.0057,2.61E+27,Archival Ibc,real,Ic
SN2004c,53127.14,4.473,53016,111.14,0.3044931507,0.0057,3.44E+27,Archival Ibc,real,Ic
SN2004c,53137.18,4.927,53016,121.18,0.332,0.0057,3.79E+27,Archival Ibc,real,Ic
SN2004c,53165.98,5.574,53016,149.98,0.4109041096,0.0057,4.29E+27,Archival Ibc,real,Ic
SN2004c,53183.08,8.097,53016,167.08,0.4577534247,0.0057,6.23E+27,Archival Ibc,real,Ic
SN2004c,53211.98,7.808,53016,195.98,0.5369315068,0.0057,6.01E+27,Archival Ibc,real,Ic
SN2004c,53228.97,6.505,53016,212.97,0.5834794521,0.0057,5.01E+27,Archival Ibc,real,Ic
SN2004c,53271.84,8.873,53016,255.84,0.7009315068,0.0057,6.83E+27,Archival Ibc,real,Ic
SN2004c,53291.59,9.423,53016,275.59,0.7550410959,0.0057,7.25E+27,Archival Ibc,real,Ic
SN2004c,53330.67,7.796,53016,314.67,0.862109589,0.0057,6.00E+27,Archival Ibc,real,Ic
SN2004c,53402.27,8.267,53016,386.27,1.058273973,0.0057,6.36E+27,Archival Ibc,real,Ic
SN2004c,53511.47,8.62,53016,495.47,1.357452055,0.0057,6.64E+27,Archival Ibc,real,Ic
SN2004c,53603.94,7.271,53016,587.94,1.610794521,0.0057,5.60E+27,Archival Ibc,real,Ic
SN2004c,53689.6,5.355,53016,673.6,1.845479452,0.0057,4.12E+27,Archival Ibc,real,Ic
SN2004c,53801.41,5.437,53016,785.41,2.151808219,0.0057,4.19E+27,Archival Ibc,real,Ic
SN2004c,54248.1,1.586,53016,1232.1,3.375616438,0.0057,1.22E+27,Archival Ibc,real,Ic
SN2004c,54366.74,1.751,53016,1350.74,3.700657534,0.0057,1.35E+27,Archival Ibc,real,Ic
SN2004c,54926.22,1.424,53016,1910.22,5.233479452,0.0057,1.10E+27,Archival Ibc,real,Ic
SN2004c,55781.65,0.546,53016,2765.65,7.577123288,0.0057,4.20E+26,Archival Ibc,real,Ic
SN2004c,58020,4.2,53016,5004,13.70958904,0.0057,2.80E+27,VLASS Ibc,real,Ic
SN2004c,59064,5.3,53016,6048,16.56986301,0.0057,3.50E+27,VLASS Ibc,real,Ic
SN2004c,59984,3.764,53016,6968,19.09041096,0.0057,2.91E+27,VLASS Ibc,real,Ic
SN2004dk,53228,0.87,53218,10,0.02739726027,0.0052,5.57E+26,Archival Ibc,real,Ib
SN2004dk,53230,1.09,53218,12,0.03287671233,0.0052,6.98E+26,Archival Ibc,real,Ib
SN2004dk,53235,0.95,53218,17,0.04657534247,0.0052,6.08E+26,Archival Ibc,real,Ib
SN2004dk,53250,1.8,53218,32,0.08767123288,0.0052,1.15E+27,Archival Ibc,real,Ib
SN2004dk,53258,1.06,53218,40,0.1095890411,0.0052,6.79E+26,Archival Ibc,real,Ib
SN2004dk,53266,0.86,53218,48,0.1315068493,0.0052,5.51E+26,Archival Ibc,real,Ib
SN2004dk,53282,0.46,53218,64,0.1753424658,0.0052,2.95E+26,Archival Ibc,real,Ib
SN2004dk,53295,0.56,53218,77,0.2109589041,0.0052,3.59E+26,Archival Ibc,real,Ib
SN2004dk,53413,0.26,53218,195,0.5342465753,0.0052,1.66E+26,Archival Ibc,real,Ib
SN2004dk,54874,0.22,53218,1656,4.536986301,0.0052,1.41E+26,Archival Ibc,real,Ib
SN2004dk,54886,0.21,53218,1668,4.569863014,0.0052,1.34E+26,Archival Ibc,real,Ib
SN2004dk,54923,0.34,53218,1705,4.671232877,0.0052,2.18E+26,Archival Ibc,real,Ib
SN2004dk,54940,0.21,53218,1722,4.717808219,0.0052,1.34E+26,Archival Ibc,real,Ib
SN2004dk,55093,0.28,53218,1875,5.136986301,0.0052,1.79E+26,Archival Ibc,real,Ib
SN2004dk,58624,5.88,53218,5406,14.8109589,0.0052,3.78E+27,VLASS Ibc,real,Ib
SN2004dk,59511,6.994,53218,6293,17.24109589,0.0052,4.50E+27,VLASS Ibc,real,Ib
SN2004dk,60475,6.939,53218,7257,19.88219178,0.0052,4.47E+27,VLASS Ibc,real,Ib
PTF11qcj,55880.538,0.421,55866,14.538,0.03983013699,0.028,8.09E+27,Archival Ibc,real,Ic-BL
PTF11qcj,55887.508,0.619,55866,21.508,0.0589260274,0.028,1.19E+28,Archival Ibc,real,Ic-BL
PTF11qcj,55892.67,0.936,55866,26.67,0.07306849315,0.028,1.80E+28,Archival Ibc,real,Ic-BL
PTF11qcj,55894.635,1.46,55866,28.635,0.07845205479,0.028,2.80E+28,Archival Ibc,real,Ic-BL
PTF11qcj,55897.511,1.566,55866,31.511,0.08633150685,0.028,3.01E+28,Archival Ibc,real,Ic-BL
PTF11qcj,55902.518,2.6,55866,36.518,0.1000493151,0.028,4.99E+28,Archival Ibc,real,Ic-BL
PTF11qcj,55910.476,2.24,55866,44.476,0.1218520548,0.028,4.30E+28,Archival Ibc,real,Ic-BL
PTF11qcj,55916.558,2.31,55866,50.558,0.1385150685,0.028,4.44E+28,Archival Ibc,real,Ic-BL
PTF11qcj,55926.572,2.09,55866,60.572,0.1659506849,0.028,4.01E+28,Archival Ibc,real,Ic-BL
PTF11qcj,55927.555,2.51,55866,61.555,0.1686438356,0.028,4.82E+28,Archival Ibc,real,Ic-BL
PTF11qcj,55949.598,3.86,55866,83.598,0.2290356164,0.028,7.41E+28,Archival Ibc,real,Ic-BL
PTF11qcj,55950.363,2.03,55866,84.363,0.2311315068,0.028,3.90E+28,Archival Ibc,real,Ic-BL
PTF11qcj,55967.439,3.04,55866,101.439,0.2779150685,0.028,5.84E+28,Archival Ibc,real,Ic-BL
PTF11qcj,55987.428,2.51,55866,121.428,0.3326794521,0.028,4.82E+28,Archival Ibc,real,Ic-BL
PTF11qcj,55988.283,3.47,55866,122.283,0.3350219178,0.028,6.66E+28,Archival Ibc,real,Ic-BL
PTF11qcj,55997.46,2.47,55866,131.46,0.3601643836,0.028,4.74E+28,Archival Ibc,real,Ic-BL
PTF11qcj,56011.553,3.03,55866,145.553,0.3987753425,0.028,5.82E+28,Archival Ibc,real,Ic-BL
PTF11qcj,56027.091,2.34,55866,161.091,0.4413452055,0.028,4.49E+28,Archival Ibc,real,Ic-BL
PTF11qcj,56035.092,2.67,55866,169.092,0.4632657534,0.028,5.13E+28,Archival Ibc,real,Ic-BL
PTF11qcj,56044.421,3.05,55866,178.421,0.4888246575,0.028,5.86E+28,Archival Ibc,real,Ic-BL
PTF11qcj,56057.428,2.73,55866,191.428,0.524460274,0.028,5.24E+28,Archival Ibc,real,Ic-BL
PTF11qcj,56101.224,3.2,55866,235.224,0.6444493151,0.028,6.15E+28,Archival Ibc,real,Ic-BL
PTF11qcj,56155.076,1.697,55866,289.076,0.7919890411,0.028,3.26E+28,Archival Ibc,real,Ic-BL
PTF11qcj,56223.561,2.23,55866,357.561,0.9796191781,0.028,4.28E+28,Archival Ibc,real,Ic-BL
PTF11qcj,56429.038,5.77,55866,563.038,1.542569863,0.028,1.11E+29,Archival Ibc,real,Ic-BL
PTF11qcj,56809.993,7.55,55866,943.993,2.586282192,0.028,1.45E+29,Archival Ibc,real,Ic-BL
PTF11qcj,56948.91,9,55866,1082.91,2.966876712,0.028,1.73E+29,Archival Ibc,real,Ic-BL
PTF11qcj,57006.658,8.71,55866,1140.658,3.125090411,0.028,1.67E+29,Archival Ibc,real,Ic-BL
PTF11qcj,57046.262,9.25,55866,1180.262,3.233594521,0.028,1.78E+29,Archival Ibc,real,Ic-BL
PTF11qcj,57354.492,9.54,55866,1488.492,4.078060274,0.028,1.83E+29,Archival Ibc,real,Ic-BL
PTF11qcj,57729.458,9.46,55866,1863.458,5.105364384,0.028,1.82E+29,Archival Ibc,real,Ic-BL
PTF11qcj,58553,6.8,55866,2687,7.361643836,0.0287,1.12E+29,VLASS Ibc,real,Ic-BL
PTF11qcj,59540,3.18,55866,3674,10.06575342,0.0287,6.61E+28,VLASS Ibc,real,Ic-BL
PTF11qcj,60490,1.618,55866,4624,12.66849315,0.0287,3.36E+28,VLASS Ibc,real,Ic-BL
SN2012au,56006.2,4.596,56000,6.2,0.01698630137,0.0045,2.20E+27,Archival Ibc,real,Ib
SN2012au,56010.3,5.658,56000,10.3,0.02821917808,0.0045,2.71E+27,Archival Ibc,real,Ib
SN2012au,56040.1,9.569,56000,40.1,0.1098630137,0.0045,4.58E+27,Archival Ibc,real,Ib
SN2012au,58553.0,4.228,56000,2553.0,6.994520548,0.0045,2.0250453091236532e+27,VLASS Ibc,real,Ib
SN2012au,59593.0,4.337,56000,3593.0,9.843835616,0.0045,2.0772520117477023e+27,VLASS Ibc,real,Ib
SN2012au,60501.10163,4.448,56000,4501.10163,12.33178529,0.0045,2.1304166355208166e+27,VLASS Ibc,real,Ib
SN2016coi,57542,1.15,57535.54,6.46,0.01769863014,0.0036,3.52E+26,Archival Ibc,real,Ic-BL
SN2016coi,57552,4.8,57535.54,16.46,0.04509589041,0.0036,1.47E+27,Archival Ibc,real,Ic-BL
SN2016coi,57577,12.9,57535.54,41.46,0.1135890411,0.0036,3.95E+27,Archival Ibc,real,Ic-BL
SN2016coi,57638,13.5,57535.54,102.46,0.2807123288,0.0036,4.13E+27,Archival Ibc,real,Ic-BL
SN2016coi,57801,6.2,57535.54,265.46,0.7272876712,0.0036,1.90E+27,Archival Ibc,real,Ic-BL
SN2016coi,59049,1.8,57535.54,1513.46,4.146465753,0.0036,4.70E+26,VLASS Ibc,real,Ic-BL
SN2016coi,59520.18198,0.43,57535.54,1984.641984,5.4373753,0.0036,1.32E+26,VLASS Ibc,real,Ic-BL
SN2016coi,60501.47452,0.74,57535.54,2965.934521,8.125848002,0.0036,2.27E+26,VLASS Ibc,real,Ic-BL
1998bw,50934,9,50931,3,0.008219178082,0.008499,1.55E+28,Archival Ibc,real,Ic
1998bw,50935,9.9,50931,4,0.01095890411,0.008499,1.70E+28,Archival Ibc,real,Ic
1998bw,50940.9,39,50931,9.9,0.02712328767,0.008499,6.70E+28,Archival Ibc,real,Ic
1998bw,50942.7,44.6,50931,11.7,0.03205479452,0.008499,7.67E+28,Archival Ibc,real,Ic
1998bw,50945.6,39.9,50931,14.6,0.04,0.008499,6.86E+28,Archival Ibc,real,Ic
1998bw,50946.7,37.4,50931,15.7,0.04301369863,0.008499,6.43E+28,Archival Ibc,real,Ic
1998bw,50947.5,37.1,50931,16.5,0.04520547945,0.008499,6.38E+28,Archival Ibc,real,Ic
1998bw,50948.8,32.6,50931,17.8,0.04876712329,0.008499,5.60E+28,Archival Ibc,real,Ic
1998bw,50950.7,28.6,50931,19.7,0.05397260274,0.008499,4.92E+28,Archival Ibc,real,Ic
1998bw,50952.6,24.3,50931,21.6,0.05917808219,0.008499,4.18E+28,Archival Ibc,real,Ic
1998bw,50954.6,24.7,50931,23.6,0.06465753425,0.008499,4.25E+28,Archival Ibc,real,Ic
1998bw,50956.9,27.6,50931,25.9,0.07095890411,0.008499,4.74E+28,Archival Ibc,real,Ic
1998bw,50957.8,29.5,50931,26.8,0.07342465753,0.008499,5.07E+28,Archival Ibc,real,Ic
1998bw,50959.8,30,50931,28.8,0.07890410959,0.008499,5.16E+28,Archival Ibc,real,Ic
1998bw,50961,30,50931,30,0.08219178082,0.008499,5.16E+28,Archival Ibc,real,Ic
1998bw,50963.9,30.3,50931,32.9,0.0901369863,0.008499,5.21E+28,Archival Ibc,real,Ic
1998bw,50965.7,28.6,50931,34.7,0.09506849315,0.008499,4.92E+28,Archival Ibc,real,Ic
1998bw,50967.8,27,50931,36.8,0.1008219178,0.008499,4.64E+28,Archival Ibc,real,Ic
1998bw,50969.8,24.6,50931,38.8,0.1063013699,0.008499,4.23E+28,Archival Ibc,real,Ic
1998bw,50971,24.1,50931,40,0.1095890411,0.008499,4.14E+28,Archival Ibc,real,Ic
1998bw,50976.7,20.7,50931,45.7,0.1252054795,0.008499,3.56E+28,Archival Ibc,real,Ic
1998bw,50982.7,16.3,50931,51.7,0.1416438356,0.008499,2.80E+28,Archival Ibc,real,Ic
1998bw,50988.7,14,50931,57.7,0.1580821918,0.008499,2.41E+28,Archival Ibc,real,Ic
1998bw,50995.7,11.4,50931,64.7,0.177260274,0.008499,1.96E+28,Archival Ibc,real,Ic
1998bw,50998.7,11.1,50931,67.7,0.1854794521,0.008499,1.91E+28,Archival Ibc,real,Ic
1998bw,51011.5,6.3,50931,80.5,0.2205479452,0.008499,1.08E+28,Archival Ibc,real,Ic
1998bw,51018.7,5,50931,87.7,0.2402739726,0.008499,8.59E+27,Archival Ibc,real,Ic
1998bw,51024.4,4,50931,93.4,0.255890411,0.008499,6.88E+27,Archival Ibc,real,Ic
1998bw,51033.8,4.3,50931,102.8,0.2816438356,0.008499,7.39E+27,Archival Ibc,real,Ic
1998bw,51045.8,3.2,50931,114.8,0.3145205479,0.008499,5.50E+27,Archival Ibc,real,Ic
1998bw,51057.8,3.4,50931,126.8,0.3473972603,0.008499,5.84E+27,Archival Ibc,real,Ic
1998bw,51080.5,2.5,50931,149.5,0.4095890411,0.008499,4.30E+27,Archival Ibc,real,Ic
1998bw,51123.4,3.1,50931,192.4,0.5271232877,0.008499,5.33E+27,Archival Ibc,real,Ic
1998bw,51179.2,1.1,50931,248.2,0.68,0.008499,1.89E+27,Archival Ibc,real,Ic
1998bw,51251,0.6,50931,320,0.8767123288,0.008499,1.03E+27,Archival Ibc,real,Ic
1998bw,51721,0.3,50931,790,2.164383562,0.008499,5.16E+26,Archival Ibc,real,Ic
IIavg,,,,,0.02,,5e+25,II average,real,
IIavg,,,,,0.08,,4e+26,II average,real,
IIavg,,,,,0.5,,5e+26,II average,real,
IIavg,,,,,1.36,,2e+26,II average,real,
IIavg,,,,,3.5,,8e+25,II average,real,
IIavg,,,,,20.5,,2e+25,II average,real,
Ibcavg,,,,,0.01,,1.2e+26,Ib/c average,real,
Ibcavg,,,,,0.03,,8.8e+26,Ib/c average,real,
Ibcavg,,,,,0.1,,1.3e+27,Ib/c average,real,
Ibcavg,,,,,0.5,,7.6e+26,Ib/c average,real,
Ibcavg,,,,,1,,2.3e+26,Ib/c average,real,
IInavg,,,,,1.15,,4.5e+27,IIn average,real,
IInavg,,,,,1.89,,1.1e+28,IIn average,real,
IInavg,,,,,3.139,,2.239e+28,IIn average,real,
IInavg,,,,,4,,3.5e+27,IIn average,real,
IInavg,,,,,10.5,,1.2e+27,IIn average,real,
GRB30,,,,,0.0100040052062526,,2.569394226473534e+27,grb30,real,
GRB30,,,,,0.0103317491204783,,3.0098854528175817e+27,grb30,real,
GRB30,,,,,0.0106702328638255,,3.130674444370441e+27,grb30,real,
GRB30,,,,,0.0110198043789224,,3.6777270509725377e+27,grb30,real,
GRB30,,,,,0.0113808270725138,,3.4525908154575087e+27,grb30,real,
GRB30,,,,,0.0117536798154615,,4.0843662760651417e+27,grb30,real,
GRB30,,,,,0.0121387466333329,,3.97593549815169e+27,grb30,real,
GRB30,,,,,0.0125364295931648,,4.4751694269796066e+27,grb30,real,
GRB30,,,,,0.0129471410714055,,4.6162865705203496e+27,grb30,real,
GRB30,,,,,0.0133713063312671,,4.8220355429336576e+27,grb30,real,
GRB30,,,,,0.0138093712547842,,5.50631127014581e+27,grb30,real,
GRB30,,,,,0.014261784301344,,5.357687014166179e+27,grb30,real,
GRB30,,,,,0.0147290197038621,,5.972975015982178e+27,grb30,real,
GRB30,,,,,0.0152115645820178,,5.897713428256021e+27,grb30,real,
GRB30,,,,,0.0157099163649016,,6.50924549306086e+27,grb30,real,
GRB30,,,,,0.0162245956777793,,6.517723016203187e+27,grb30,real,
GRB30,,,,,0.0167561360326808,,6.923150894470692e+27,grb30,real,
GRB30,,,,,0.0173050915604582,,7.39218686117288e+27,grb30,real,
GRB30,,,,,0.0178720292787278,,7.312701748942542e+27,grb30,real,
GRB30,,,,,0.0184575419786337,,7.593997051771238e+27,grb30,real,
GRB30,,,,,0.019062237915437,,8.024874641166082e+27,grb30,real,
GRB30,,,,,0.0196867433858683,,8.570985406565331e+27,grb30,real,
GRB30,,,,,0.0203317078828335,,8.728258602690841e+27,grb30,real,
GRB30,,,,,0.0209978040954136,,9.356547631909564e+27,grb30,real,
GRB30,,,,,0.0216857201768064,,9.672471074089122e+27,grb30,real,
GRB30,,,,,0.0223961752084434,,9.753303714430716e+27,grb30,real,
GRB30,,,,,0.0231299063132256,,1.0270487860480577e+28,grb30,real,
GRB30,,,,,0.0238876738102295,,1.0498234396033028e+28,grb30,real,
GRB30,,,,,0.0246702689467647,,1.0874923261338365e+28,grb30,real,
GRB30,,,,,0.0254785010116109,,1.1583665908857494e+28,grb30,real,
GRB30,,,,,0.02631319991237,,1.197867734720916e+28,grb30,real,
GRB30,,,,,0.0271752728772278,,1.152789824370194e+28,grb30,real,
GRB30,,,,,0.0280655678552558,,1.2275581120527943e+28,grb30,real,
GRB30,,,,,0.0289850384669905,,1.3480271251990228e+28,grb30,real,
GRB30,,,,,0.0299346383329682,,1.282723913062547e+28,grb30,real,
GRB30,,,,,0.0309153210737251,,1.400017902376319e+28,grb30,real,
GRB30,,,,,0.0319281691774378,,1.3579036015536728e+28,grb30,real,
GRB30,,,,,0.0329741620381705,,1.456732170318157e+28,grb30,real,
GRB30,,,,,0.0340544594646838,,1.510619962334762e+28,grb30,real,
GRB30,,,,,0.0351701181716259,,1.499682605191463e+28,grb30,real,
GRB30,,,,,0.0363223495148133,,1.668900709514484e+28,grb30,real,
GRB30,,,,,0.0375123133030064,,1.6693863910245475e+28,grb30,real,
GRB30,,,,,0.0387412724390778,,1.6652771445227337e+28,grb30,real,
GRB30,,,,,0.0400104898258998,,1.7895878031818977e+28,grb30,real,
GRB30,,,,,0.0413212799134009,,1.882986262200532e+28,grb30,real,
GRB30,,,,,0.0426750344720937,,1.8845785357001923e+28,grb30,real,
GRB30,,,,,0.0440731194989626,,1.9801130410464216e+28,grb30,real,
GRB30,,,,,0.0455170298586322,,1.97705324753302e+28,grb30,real,
GRB30,,,,,0.047008234642199,,2.071567821708115e+28,grb30,real,
GRB30,,,,,0.0485482802613435,,2.2200416116512947e+28,grb30,real,
GRB30,,,,,0.0501387904483305,,2.2716333681369898e+28,grb30,real,
GRB30,,,,,0.0517814147089524,,2.2910339636723213e+28,grb30,real,
GRB30,,,,,0.0534778540960579,,2.376312018306027e+28,grb30,real,
GRB30,,,,,0.0552298612095516,,2.439301100894551e+28,grb30,real,
GRB30,,,,,0.0570392659699222,,2.547086208094625e+28,grb30,real,
GRB30,,,,,0.0589079498447144,,2.447938613240196e+28,grb30,real,
GRB30,,,,,0.0608378458485289,,2.7062411819924613e+28,grb30,real,
GRB30,,,,,0.0628309900900784,,2.6825627799018236e+28,grb30,real,
GRB30,,,,,0.0648894186780757,,2.769327400882999e+28,grb30,real,
GRB30,,,,,0.0670152965888735,,2.9012623069334774e+28,grb30,real,
GRB30,,,,,0.0692107887988247,,2.926761538528512e+28,grb30,real,
GRB30,,,,,0.071478240698978,,3.0576517531740107e+28,grb30,real,
GRB30,,,,,0.0738199719068544,,3.06121722684789e+28,grb30,real,
GRB30,,,,,0.0762384051340867,,3.0599211238377005e+28,grb30,real,
GRB30,,,,,0.0787360919599479,,3.297646033630244e+28,grb30,real,
GRB30,,,,,0.0813156097372388,,3.228227861091836e+28,grb30,real,
GRB30,,,,,0.0839796131393445,,3.3604313204478804e+28,grb30,real,
GRB30,,,,,0.086730911480818,,3.40655201757021e+28,grb30,real,
GRB30,,,,,0.0895723398497403,,3.4810288963467727e+28,grb30,real,
GRB30,,,,,0.0925068364283044,,3.629895993081435e+28,grb30,real,
GRB30,,,,,0.0955374940398716,,3.664428900763655e+28,grb30,real,
GRB30,,,,,0.0986674312813309,,3.7752309472262407e+28,grb30,real,
GRB30,,,,,0.1018999213907395,,3.991096379799171e+28,grb30,real,
GRB30,,,,,0.1052383149267387,,4.0685987686884235e+28,grb30,real,
GRB30,,,,,0.1086860655420817,,4.164373257839626e+28,grb30,real,
GRB30,,,,,0.1122467815306898,,4.240198617044131e+28,grb30,real,
GRB30,,,,,0.1159241485070684,,4.218603883863335e+28,grb30,real,
GRB30,,,,,0.1197219809533628,,4.593997598475169e+28,grb30,real,
GRB30,,,,,0.1236442222193585,,4.42568895658766e+28,grb30,real,
GRB30,,,,,0.127694996069537,,4.77525584266434e+28,grb30,real,
GRB30,,,,,0.1318784520419077,,4.708401306645719e+28,grb30,real,
GRB30,,,,,0.1361989974097604,,5.011409429924325e+28,grb30,real,
GRB30,,,,,0.1406610652199126,,5.12858628428567e+28,grb30,real,
GRB30,,,,,0.145269320480934,,5.268302569980719e+28,grb30,real,
GRB30,,,,,0.1500285312955064,,5.365715996149215e+28,grb30,real,
GRB30,,,,,0.1549436719545355,,5.531815263324276e+28,grb30,real,
GRB30,,,,,0.1600198456165672,,5.957945554037419e+28,grb30,real,
GRB30,,,,,0.1652623358548434,,5.92883704220093e+28,grb30,real,
GRB30,,,,,0.1706765551102462,,6.340498785497607e+28,grb30,real,
GRB30,,,,,0.1762681477854095,,6.25108672412824e+28,grb30,real,
GRB30,,,,,0.1820429644711916,,6.64873893665129e+28,grb30,real,
GRB30,,,,,0.1880069330790345,,6.870499209513034e+28,grb30,real,
GRB30,,,,,0.1941663165762445,,6.883390720496823e+28,grb30,real,
GRB30,,,,,0.20052748102424,,7.696463470277769e+28,grb30,real,
GRB30,,,,,0.2070970244461913,,7.613591919910595e+28,grb30,real,
GRB30,,,,,0.213881828374077,,7.714194654661842e+28,grb30,real,
GRB30,,,,,0.2208888774339875,,7.87800169557274e+28,grb30,real,
GRB30,,,,,0.2281255170814057,,8.23536900762772e+28,grb30,real,
GRB30,,,,,0.2355992216394541,,8.318899561141882e+28,grb30,real,
GRB30,,,,,0.2433178004871197,,8.642443441446006e+28,grb30,real,
GRB30,,,,,0.2512892176445572,,8.843408927143528e+28,grb30,real,
GRB30,,,,,0.2595219010554259,,9.14743126769315e+28,grb30,real,
GRB30,,,,,0.2680240724751608,,9.281973616830992e+28,grb30,real,
GRB30,,,,,0.276804855732677,,9.388802598077918e+28,grb30,real,
GRB30,,,,,0.285873529298058,,9.70564026427642e+28,grb30,real,
GRB30,,,,,0.2952391139061071,,9.790053615358874e+28,grb30,real,
GRB30,,,,,0.3049116612327479,,9.915759417963614e+28,grb30,real,
GRB30,,,,,0.314900965218624,,1.0129411666557351e+29,grb30,real,
GRB30,,,,,0.3252175930102192,,1.0140306169449762e+29,grb30,real,
GRB30,,,,,0.3358721117540174,,1.0400460041840388e+29,grb30,real,
GRB30,,,,,0.3468756040670628,,1.044587602461478e+29,grb30,real,
GRB30,,,,,0.3582399257722393,,1.0508700356416558e+29,grb30,real,
GRB30,,,,,0.3699761594865913,,1.0551564130471398e+29,grb30,real,
GRB30,,,,,0.3820971919741234,,1.0655680913795465e+29,grb30,real,
GRB30,,,,,0.394615136793,,1.0596970590078932e+29,grb30,real,
GRB30,,,,,0.4075433961777858,,1.0783538952111466e+29,grb30,real,
GRB30,,,,,0.4208951146277659,,1.0815641547609994e+29,grb30,real,
GRB30,,,,,0.4346842098480651,,1.0561477747176822e+29,grb30,real,
GRB30,,,,,0.4489251150143687,,1.062604481851471e+29,grb30,real,
GRB30,,,,,0.4636325210376422,,1.061057919552758e+29,grb30,real,
GRB30,,,,,0.478821634299411,,1.0485159087928765e+29,grb30,real,
GRB30,,,,,0.4945086921223212,,1.044215246637096e+29,grb30,real,
GRB30,,,,,0.5107094163584583,,1.0466398449206691e+29,grb30,real,
GRB30,,,,,0.5274410752715886,,1.0451247090726074e+29,grb30,real,
GRB30,,,,,0.5447206793901983,,1.0488035084321688e+29,grb30,real,
GRB30,,,,,0.5625665279191743,,1.0559411219967335e+29,grb30,real,
GRB30,,,,,0.580996920063403,,1.05542877561945e+29,grb30,real,
GRB30,,,,,0.6000311859688914,,1.0758912042601171e+29,grb30,real,
GRB30,,,,,0.6196891712522069,,1.0898893072335045e+29,grb30,real,
GRB30,,,,,0.6399909792651968,,1.1413077420822745e+29,grb30,real,
GRB30,,,,,0.6609580020361087,,1.1528526772714963e+29,grb30,real,
GRB30,,,,,0.6826118893284708,,1.2265953198828444e+29,grb30,real,
GRB30,,,,,0.7049753218469311,,1.2678020629033527e+29,grb30,real,
GRB30,,,,,0.728071238031418,,1.3564884589576829e+29,grb30,real,
GRB30,,,,,0.7519238649982604,,1.3796916550218075e+29,grb30,real,
GRB30,,,,,0.7765579453343471,,1.4809105386691551e+29,grb30,real,
GRB30,,,,,0.8019989948324077,,1.5668066468323346e+29,grb30,real,
GRB30,,,,,0.8282738179615717,,1.6195040429909398e+29,grb30,real,
GRB30,,,,,0.8554092191909689,,1.7284357394814376e+29,grb30,real,
GRB30,,,,,0.8834335494014098,,1.7917905116775396e+29,grb30,real,
GRB30,,,,,0.9123759326795448,,1.889122990927691e+29,grb30,real,
GRB30,,,,,0.9422667817884252,,1.9484970793746435e+29,grb30,real,
GRB30,,,,,0.973136767226382,,1.991475131431855e+29,grb30,real,
GRB30,,,,,1.0050181059034269,,2.068798484784065e+29,grb30,real,
GRB30,,,,,1.0379437879354116,,2.0135488799059097e+29,grb30,real,
GRB30,,,,,1.0719483498498692,,2.089177109556329e+29,grb30,real,
GRB30,,,,,1.1070668436448925,,2.156353528614952e+29,grb30,real,
GRB30,,,,,1.1433358677302543,,2.1505282074442463e+29,grb30,real,
GRB30,,,,,1.1807933091921288,,2.152426174600241e+29,grb30,real,
GRB30,,,,,1.21947782832253,,2.215259077252196e+29,grb30,real,
GRB30,,,,,1.2594296318251523,,2.1932129459620464e+29,grb30,real,
GRB30,,,,,1.3006902150800912,,2.2202739769227763e+29,grb30,real,
GRB30,,,,,1.3433026198791225,,2.2056159184857146e+29,grb30,real,
GRB30,,,,,1.3873111766904216,,2.1986182954740507e+29,grb30,real,
GRB30,,,,,1.432761504658565,,2.147770298320433e+29,grb30,real,
GRB30,,,,,1.479700769339811,,2.1172799749719795e+29,grb30,real,
GRB30,,,,,1.5281776827020968,,2.0473932626238628e+29,grb30,real,
GRB30,,,,,1.578243018595601,,1.994787288867152e+29,grb30,real,
GRB30,,,,,1.6299485818116213,,1.900735540601647e+29,grb30,real,
GRB30,,,,,1.683347981288419,,1.8190820032763774e+29,grb30,real,
GRB30,,,,,1.7384966301112128,,1.7107188398476607e+29,grb30,real,
GRB30,,,,,1.7954522609827446,,1.6335621419155698e+29,grb30,real,
GRB30,,,,,1.8542738952821556,,1.5022948098622572e+29,grb30,real,
GRB30,,,,,1.915022358535548,,1.413159872648633e+29,grb30,real,
GRB30,,,,,1.977761311357105,,1.3048747991882004e+29,grb30,real,
GRB30,,,,,2.0425554453021304,,1.1975991814153511e+29,grb30,real,
GRB30,,,,,2.1094725447492877,,1.1072776576104732e+29,grb30,real,
GRB30,,,,,2.178581682753644,,1.005621660604068e+29,grb30,real,
GRB30,,,,,2.249955282928904,,9.185395372396467e+28,grb30,real,
GRB30,,,,,2.323666799829895,,8.328206552118063e+28,grb30,real,
GRB30,,,,,2.399793554040645,,7.606692385517631e+28,grb30,real,
GRB30,,,,,2.478414154821583,,6.868685046225442e+28,grb30,real,
GRB30,,,,,2.5596103042564984,,6.166584807593949e+28,grb30,real,
GRB30,,,,,2.6434670549878225,,5.635162574765729e+28,grb30,real,
GRB30,,,,,2.730071263804946,,5.100789112526353e+28,grb30,real,
GRB30,,,,,2.8195105607031015,,4.577108262041873e+28,grb30,real,
GRB30,,,,,2.9118828850887257,,4.142835663660014e+28,grb30,real,
GRB30,,,,,3.007281021662651,,3.77109979744064e+28,grb30,real,
GRB30,,,,,3.105802909831312,,3.3936595542697332e+28,grb30,real,
GRB30,,,,,3.2075542210595502,,3.0941492901802724e+28,grb30,real,
GRB30,,,,,3.3126380494594008,,2.8020928087952615e+28,grb30,real,
GRB30,,,,,3.421162643848503,,2.5492574901396156e+28,grb30,real,
GRB30,,,,,3.533246562455702,,2.3264420503893426e+28,grb30,real,
GRB30,,,,,3.649000631451437,,2.124908983946726e+28,grb30,real,
GRB30,,,,,3.7685459864173505,,1.940718556680132e+28,grb30,real,
GRB30,,,,,3.892008917640691,,1.779757038028195e+28,grb30,real,
GRB30,,,,,4.019518292761505,,1.6313946691373242e+28,grb30,real,
GRB30,,,,,4.151202979419838,,1.5096266960308472e+28,grb30,real,
GRB30,,,,,4.287202154666942,,1.3807496788603972e+28,grb30,real,
GRB30,,,,,4.427654995554067,,1.280934510008802e+28,grb30,real,
GRB30,,,,,4.572710988543667,,1.1848686119515623e+28,grb30,real,
GRB30,,,,,4.722519620098197,,1.099456280665074e+28,grb30,real,
GRB30,,,,,4.877238108738515,,1.0184665080702251e+28,grb30,real,
GRB30,,,,,5.037021095632675,,9.481500152015364e+27,grb30,real,
GRB30,,,,,5.202041263418343,,8.843543203796311e+27,grb30,real,
GRB30,,,,,5.37246871738038,,8.233456755721428e+27,grb30,real,
GRB30,,,,,5.548478717509247,,7.699691823844662e+27,grb30,real,
GRB30,,,,,5.730254255853812,,7.229789248957853e+27,grb30,real,
GRB30,,,,,5.917986056521348,,6.742315478890282e+27,grb30,real,
GRB30,,,,,6.11186742097192,,6.340420695529323e+27,grb30,real,
GRB30,,,,,6.312099382724004,,5.98446947838702e+27,grb30,real,
GRB30,,,,,6.518893284707277,,5.598784077345266e+27,grb30,real,
GRB30,,,,,6.732460469851416,,5.285257616265376e+27,grb30,real,
GRB30,,,,,6.953025167850101,,5.000323511377948e+27,grb30,real,
GRB30,,,,,7.180816763102618,,4.70706806328476e+27,grb30,real,
GRB30,,,,,7.416069794713851,,4.469077457136709e+27,grb30,real,
GRB30,,,,,7.659031688552689,,4.227495664764247e+27,grb30,real,
GRB30,,,,,7.909952447840823,,4.021432427844428e+27,grb30,real,
GRB30,,,,,8.169092385211151,,3.807976356488089e+27,grb30,real,
GRB30,,,,,8.436724700060568,,3.636037483392025e+27,grb30,real,
GRB30,,,,,8.713122591785977,,3.4543202225600107e+27,grb30,real,
GRB30,,,,,8.998577301253881,,3.3018705104511126e+27,grb30,real,
GRB30,,,,,9.293382646683591,,3.1505026300979653e+27,grb30,real,
GRB30,,,,,9.597847910411218,,3.0180296651196714e+27,grb30,real,
GRB30,,,,,9.912287529478473,,2.889805937196091e+27,grb30,real,
GRB30,,,,,10.23702625033828,,2.770514939790939e+27,grb30,real,
GRB30,,,,,10.572406860913157,,2.6607518708332147e+27,grb30,real,
GRB30,,,,,10.918774726478436,,2.5594825144014876e+27,grb30,real,
GRB30,,,,,11.276488099073442,,2.4625376280427005e+27,grb30,real,
GRB30,,,,,11.645920694854317,,2.3700133957421803e+27,grb30,real,
GRB30,,,,,12.027459116741197,,2.287780849871581e+27,grb30,real,
GRB30,,,,,12.421495122359826,,2.2044188564109096e+27,grb30,real,
GRB30,,,,,12.828441088158351,,2.132737979425617e+27,grb30,real,
GRB30,,,,,13.248719699996132,,2.0622008347806897e+27,grb30,real,
GRB30,,,,,13.682763953143729,,1.9937959271966103e+27,grb30,real,
GRB30,,,,,14.1310326163997,,1.9296497798341097e+27,grb30,real,
GRB30,,,,,14.59398445856261,,1.8744106504395052e+27,grb30,real,
GRB30,,,,,15.072104021959046,,1.8189448696735363e+27,grb30,real,
GRB30,,,,,15.565886158326784,,1.7700253138098783e+27,grb30,real,
GRB30,,,,,16.07584633822601,,1.7234494093114494e+27,grb30,real,
GRB30,,,,,16.60251549633372,,1.6817255583302264e+27,grb30,real,
GRB30,,,,,17.146437454090904,,1.640942596235166e+27,grb30,real,
GRB30,,,,,17.70817665176098,,1.6080848136043226e+27,grb30,real,
GRB30,,,,,18.288323303135353,,1.5785429976755228e+27,grb30,real,
GRB30,,,,,18.887472776711043,,1.5522885789481736e+27,grb30,real,
GRB30,,,,,19.506253946571476,,1.5277845182904273e+27,grb30,real,
GRB30,,,,,20.145305996211295,,1.51177893174211e+27,grb30,real,
GRB30,,,,,20.805293882653128,,1.497665598449669e+27,grb30,real,
GRB30,,,,,21.486905759094835,,1.4809714869370853e+27,grb30,real,
GRB30,,,,,22.19084782020387,,1.4725939570468284e+27,grb30,real,
GRB30,,,,,22.9178494568229,,1.4716930654614945e+27,grb30,real,
GRB30,,,,,23.668670988028197,,1.4673657384384949e+27,grb30,real,
GRB30,,,,,24.444090774365648,,1.4690361019064395e+27,grb30,real,
GRB30,,,,,25.244912949909143,,1.478714496390318e+27,grb30,real,
GRB30,,,,,26.071959690202203,,1.486959654261165e+27,grb30,real,
GRB30,,,,,26.92612018196111,,1.4884995503430733e+27,grb30,real,
GRB30,,,,,27.808270725138208,,1.4938744257211126e+27,grb30,real,
GRB30,,,,,28.71931339321383,,1.4964866303919062e+27,grb30,real,
GRB30,,,,,29.660176033196304,,1.4918983685968335e+27,grb30,real,
GRB30,,,,,30.631889586206004,,1.4787506844244014e+27,grb30,real,
GRB30,,,,,31.6354334463073,,1.4570921460256167e+27,grb30,real,
GRB30,,,,,32.67186432814856,,1.4292349783150572e+27,grb30,real,
GRB30,,,,,33.74223894637818,,1.3949868133220702e+27,grb30,real,
GRB30,,,,,34.84769133622856,,1.3546504877529313e+27,grb30,real,
GRB30,,,,,35.98932975940412,,1.309817322790614e+27,grb30,real,
GRB30,,,,,37.16839134524929,,1.261527248256666e+27,grb30,real,
GRB30,,,,,38.386087449580536,,1.2113134940161916e+27,grb30,real,
GRB30,,,,,39.6436809752703,,1.1607673812521626e+27,grb30,real,
GRB30,,,,,40.94246059871906,,1.1096898757771234e+27,grb30,real,
GRB60,,,,,0.1018999213907395,,7.05503532773679e+25,grb60,real,
GRB60,,,,,0.1052383149267387,,7.595433145334328e+25,grb60,real,
GRB60,,,,,0.1086860655420817,,8.09825730806997e+25,grb60,real,
GRB60,,,,,0.1122467815306898,,8.990026651864915e+25,grb60,real,
GRB60,,,,,0.1159241485070684,,9.388622610224188e+25,grb60,real,
GRB60,,,,,0.1197219809533628,,1.022017696993809e+26,grb60,real,
GRB60,,,,,0.1236442222193585,,1.0943975744269197e+26,grb60,real,
GRB60,,,,,0.127694996069537,,1.1532288423626236e+26,grb60,real,
GRB60,,,,,0.1318784520419077,,1.2085384431920229e+26,grb60,real,
GRB60,,,,,0.1361989974097604,,1.3093697339480062e+26,grb60,real,
GRB60,,,,,0.1406610652199126,,1.369253311822182e+26,grb60,real,
GRB60,,,,,0.145269320480934,,1.4694341702813544e+26,grb60,real,
GRB60,,,,,0.1500285312955064,,1.51565390833907e+26,grb60,real,
GRB60,,,,,0.1549436719545355,,1.6001682049902837e+26,grb60,real,
GRB60,,,,,0.1600198456165672,,1.6700434895381633e+26,grb60,real,
GRB60,,,,,0.1652623358548434,,1.7887269088973923e+26,grb60,real,
GRB60,,,,,0.1706765551102462,,1.8472515308600764e+26,grb60,real,
GRB60,,,,,0.1762681477854095,,1.96757103028654e+26,grb60,real,
GRB60,,,,,0.1820429644711916,,2.021715947808472e+26,grb60,real,
GRB60,,,,,0.1880069330790345,,2.1193636438818215e+26,grb60,real,
GRB60,,,,,0.1941663165762445,,2.243413367768912e+26,grb60,real,
GRB60,,,,,0.20052748102424,,2.349445259949323e+26,grb60,real,
GRB60,,,,,0.2070970244461913,,2.4480995547601973e+26,grb60,real,
GRB60,,,,,0.213881828374077,,2.5898595120642597e+26,grb60,real,
GRB60,,,,,0.2208888774339875,,2.716592864373624e+26,grb60,real,
GRB60,,,,,0.2281255170814057,,2.8412301676562233e+26,grb60,real,
GRB60,,,,,0.2355992216394541,,2.950825628877142e+26,grb60,real,
GRB60,,,,,0.2433178004871197,,3.0906495263577548e+26,grb60,real,
GRB60,,,,,0.2512892176445572,,3.258462011251649e+26,grb60,real,
GRB60,,,,,0.2595219010554259,,3.383419292940878e+26,grb60,real,
GRB60,,,,,0.2680240724751608,,3.488389352015954e+26,grb60,real,
GRB60,,,,,0.276804855732677,,3.6693066668313935e+26,grb60,real,
GRB60,,,,,0.285873529298058,,3.8308567171955246e+26,grb60,real,
GRB60,,,,,0.2952391139061071,,4.020527726992349e+26,grb60,real,
GRB60,,,,,0.3049116612327479,,4.165310337459043e+26,grb60,real,
GRB60,,,,,0.314900965218624,,4.361424721956047e+26,grb60,real,
GRB60,,,,,0.3252175930102192,,4.599441040654629e+26,grb60,real,
GRB60,,,,,0.3358721117540174,,4.802838743169216e+26,grb60,real,
GRB60,,,,,0.3468756040670628,,5.029176802342481e+26,grb60,real,
GRB60,,,,,0.3582399257722393,,5.276143945576532e+26,grb60,real,
GRB60,,,,,0.3699761594865913,,5.509352017325485e+26,grb60,real,
GRB60,,,,,0.3820971919741234,,5.784887708834835e+26,grb60,real,
GRB60,,,,,0.394615136793,,6.050901185796879e+26,grb60,real,
GRB60,,,,,0.4075433961777858,,6.395318895550196e+26,grb60,real,
GRB60,,,,,0.4208951146277659,,6.705817941884019e+26,grb60,real,
GRB60,,,,,0.4346842098480651,,7.04384179740485e+26,grb60,real,
GRB60,,,,,0.4489251150143687,,7.37906203260092e+26,grb60,real,
GRB60,,,,,0.4636325210376422,,7.757682196146276e+26,grb60,real,
GRB60,,,,,0.478821634299411,,8.140673493282207e+26,grb60,real,
GRB60,,,,,0.4945086921223212,,8.630478534598083e+26,grb60,real,
GRB60,,,,,0.5107094163584583,,8.915790709210011e+26,grb60,real,
GRB60,,,,,0.5274410752715886,,9.353706871234035e+26,grb60,real,
GRB60,,,,,0.5447206793901983,,9.809195180755502e+26,grb60,real,
GRB60,,,,,0.5625665279191743,,1.025798394238815e+27,grb60,real,
GRB60,,,,,0.580996920063403,,1.078200572224636e+27,grb60,real,
GRB60,,,,,0.6000311859688914,,1.117304600001574e+27,grb60,real,
GRB60,,,,,0.6196891712522069,,1.169022062289874e+27,grb60,real,
GRB60,,,,,0.6399909792651968,,1.219365331599699e+27,grb60,real,
GRB60,,,,,0.6609580020361087,,1.265227950900015e+27,grb60,real,
GRB60,,,,,0.6826118893284708,,1.3197109408456184e+27,grb60,real,
GRB60,,,,,0.7049753218469311,,1.3899100130668744e+27,grb60,real,
GRB60,,,,,0.728071238031418,,1.4427645414787354e+27,grb60,real,
GRB60,,,,,0.7519238649982604,,1.5199983770624246e+27,grb60,real,
GRB60,,,,,0.7765579453343471,,1.5975512387360576e+27,grb60,real,
GRB60,,,,,0.8019989948324077,,1.6571091243034846e+27,grb60,real,
GRB60,,,,,0.8282738179615717,,1.7352657547562953e+27,grb60,real,
GRB60,,,,,0.8554092191909689,,1.8207523667443224e+27,grb60,real,
GRB60,,,,,0.8834335494014098,,1.883876678302316e+27,grb60,real,
GRB60,,,,,0.9123759326795448,,1.9692471076546023e+27,grb60,real,
GRB60,,,,,0.9422667817884252,,2.073728628269556e+27,grb60,real,
GRB60,,,,,0.973136767226382,,2.1505586815782113e+27,grb60,real,
GRB60,,,,,1.0050181059034269,,2.2708162804200587e+27,grb60,real,
GRB60,,,,,1.0379437879354116,,2.365741303086992e+27,grb60,real,
GRB60,,,,,1.0719483498498692,,2.495923946434496e+27,grb60,real,
GRB60,,,,,1.1070668436448925,,2.6165415209838025e+27,grb60,real,
GRB60,,,,,1.1433358677302543,,2.7340402583851504e+27,grb60,real,
GRB60,,,,,1.1807933091921288,,2.893920897598024e+27,grb60,real,
GRB60,,,,,1.21947782832253,,3.0320934779444194e+27,grb60,real,
GRB60,,,,,1.2594296318251523,,3.1781102908366877e+27,grb60,real,
GRB60,,,,,1.3006902150800912,,3.3426277599956414e+27,grb60,real,
GRB60,,,,,1.3433026198791225,,3.526554395540102e+27,grb60,real,
GRB60,,,,,1.3873111766904216,,3.6776632457545486e+27,grb60,real,
GRB60,,,,,1.432761504658565,,3.871584444922773e+27,grb60,real,
GRB60,,,,,1.479700769339811,,4.050679977917131e+27,grb60,real,
GRB60,,,,,1.5281776827020968,,4.218991476754699e+27,grb60,real,
GRB60,,,,,1.578243018595601,,4.413635484287902e+27,grb60,real,
GRB60,,,,,1.6299485818116213,,4.6330282978672545e+27,grb60,real,
GRB60,,,,,1.683347981288419,,4.745755928669741e+27,grb60,real,
GRB60,,,,,1.7384966301112128,,5.007595401595295e+27,grb60,real,
GRB60,,,,,1.7954522609827446,,5.16704940293266e+27,grb60,real,
GRB60,,,,,1.8542738952821556,,5.348069567950232e+27,grb60,real,
GRB60,,,,,1.915022358535548,,5.50948819861164e+27,grb60,real,
GRB60,,,,,1.977761311357105,,5.628339225707674e+27,grb60,real,
GRB60,,,,,2.0425554453021304,,5.829326614688985e+27,grb60,real,
GRB60,,,,,2.1094725447492877,,5.916356932025666e+27,grb60,real,
GRB60,,,,,2.178581682753644,,6.043637866429711e+27,grb60,real,
GRB60,,,,,2.249955282928904,,6.185106414827735e+27,grb60,real,
GRB60,,,,,2.323666799829895,,6.254756952637623e+27,grb60,real,
GRB60,,,,,2.399793554040645,,6.32297711078454e+27,grb60,real,
GRB60,,,,,2.478414154821583,,6.359044200648551e+27,grb60,real,
GRB60,,,,,2.5596103042564984,,6.361539270366917e+27,grb60,real,
GRB60,,,,,2.6434670549878225,,6.372504244694123e+27,grb60,real,
GRB60,,,,,2.730071263804946,,6.368554987395623e+27,grb60,real,
GRB60,,,,,2.8195105607031015,,6.405802949950767e+27,grb60,real,
GRB60,,,,,2.9118828850887257,,6.47375455479212e+27,grb60,real,
GRB60,,,,,3.007281021662651,,6.562514279231304e+27,grb60,real,
GRB60,,,,,3.105802909831312,,6.730669598132302e+27,grb60,real,
GRB60,,,,,3.2075542210595502,,6.940372589427542e+27,grb60,real,
GRB60,,,,,3.3126380494594008,,7.182807657551016e+27,grb60,real,
GRB60,,,,,3.421162643848503,,7.403388010038311e+27,grb60,real,
GRB60,,,,,3.533246562455702,,7.759864905991505e+27,grb60,real,
GRB60,,,,,3.649000631451437,,8.180859352814894e+27,grb60,real,
GRB60,,,,,3.7685459864173505,,8.683567332914799e+27,grb60,real,
GRB60,,,,,3.892008917640691,,9.264816679408816e+27,grb60,real,
GRB60,,,,,4.019518292761505,,9.845497492841056e+27,grb60,real,
GRB60,,,,,4.151202979419838,,1.036920500819275e+28,grb60,real,
GRB60,,,,,4.287202154666942,,1.0931052806834755e+28,grb60,real,
GRB60,,,,,4.427654995554067,,1.1292561744158883e+28,grb60,real,
GRB60,,,,,4.572710988543667,,1.18002893855128e+28,grb60,real,
GRB60,,,,,4.722519620098197,,1.2151484733123218e+28,grb60,real,
GRB60,,,,,4.877238108738515,,1.2603482801989036e+28,grb60,real,
GRB60,,,,,5.037021095632675,,1.2960839638560462e+28,grb60,real,
GRB60,,,,,5.202041263418343,,1.3360012700831693e+28,grb60,real,
GRB60,,,,,5.37246871738038,,1.3751643414946644e+28,grb60,real,
GRB60,,,,,5.548478717509247,,1.4114028483622256e+28,grb60,real,
GRB60,,,,,5.730254255853812,,1.4403504186787123e+28,grb60,real,
GRB60,,,,,5.917986056521348,,1.465223978210782e+28,grb60,real,
GRB60,,,,,6.11186742097192,,1.4773831576627313e+28,grb60,real,
GRB60,,,,,6.312099382724004,,1.4871967811160789e+28,grb60,real,
GRB60,,,,,6.518893284707277,,1.4811962336750754e+28,grb60,real,
GRB60,,,,,6.732460469851416,,1.469285608878276e+28,grb60,real,
GRB60,,,,,6.953025167850101,,1.4322385851439611e+28,grb60,real,
GRB60,,,,,7.180816763102618,,1.3937097566456088e+28,grb60,real,
GRB60,,,,,7.416069794713851,,1.345530150847283e+28,grb60,real,
GRB60,,,,,7.659031688552689,,1.2841314371250455e+28,grb60,real,
GRB60,,,,,7.909952447840823,,1.2215908956958148e+28,grb60,real,
GRB60,,,,,8.169092385211151,,1.1440989822901116e+28,grb60,real,
GRB60,,,,,8.436724700060568,,1.07465795415123e+28,grb60,real,
GRB60,,,,,8.713122591785977,,1.0022837906182378e+28,grb60,real,
GRB60,,,,,8.998577301253881,,9.298152525016232e+27,grb60,real,
GRB60,,,,,9.293382646683591,,8.605076439305062e+27,grb60,real,
GRB60,,,,,9.597847910411218,,7.965954807778543e+27,grb60,real,
GRB60,,,,,9.912287529478473,,7.369582672304499e+27,grb60,real,
GRB60,,,,,10.23702625033828,,6.794530050488882e+27,grb60,real,
GRB60,,,,,10.572406860913157,,6.291780168454779e+27,grb60,real,
GRB60,,,,,10.918774726478436,,5.831666456787468e+27,grb60,real,
GRB60,,,,,11.276488099073442,,5.415142184490037e+27,grb60,real,
GRB60,,,,,11.645920694854317,,5.039687521610273e+27,grb60,real,
GRB60,,,,,12.027459116741197,,4.706675708809962e+27,grb60,real,
GRB60,,,,,12.421495122359826,,4.4168428868876944e+27,grb60,real,
GRB60,,,,,12.828441088158351,,4.147322027569643e+27,grb60,real,
GRB60,,,,,13.248719699996132,,3.909801865864674e+27,grb60,real,
GRB60,,,,,13.682763953143729,,3.71056673958634e+27,grb60,real,
GRB60,,,,,14.1310326163997,,3.5254849439012753e+27,grb60,real,
GRB60,,,,,14.59398445856261,,3.3616731414069447e+27,grb60,real,
GRB60,,,,,15.072104021959046,,3.2240052889043405e+27,grb60,real,
GRB60,,,,,15.565886158326784,,3.095155888917797e+27,grb60,real,
GRB60,,,,,16.07584633822601,,2.9893506481087496e+27,grb60,real,
GRB60,,,,,16.60251549633372,,2.895726490035437e+27,grb60,real,
GRB60,,,,,17.146437454090904,,2.81159407237547e+27,grb60,real,
GRB60,,,,,17.70817665176098,,2.742615870146179e+27,grb60,real,
GRB60,,,,,18.288323303135353,,2.6855987654980657e+27,grb60,real,
GRB60,,,,,18.887472776711043,,2.6403113454763353e+27,grb60,real,
GRB60,,,,,19.506253946571476,,2.604389007748658e+27,grb60,real,
GRB60,,,,,20.145305996211295,,2.5723111724839764e+27,grb60,real,
GRB60,,,,,20.805293882653128,,2.543849283677553e+27,grb60,real,
GRB60,,,,,21.486905759094835,,2.513794169054783e+27,grb60,real,
GRB60,,,,,22.19084782020387,,2.4816763364892725e+27,grb60,real,
GRB60,,,,,22.9178494568229,,2.4368755502942923e+27,grb60,real,
GRB60,,,,,23.668670988028197,,2.390872940441076e+27,grb60,real,
GRB60,,,,,24.444090774365648,,2.332896852889759e+27,grb60,real,
GRB60,,,,,25.244912949909143,,2.2648976322140855e+27,grb60,real,
GRB60,,,,,26.071959690202203,,2.1911616558195423e+27,grb60,real,
GRB60,,,,,26.92612018196111,,2.1095004999607815e+27,grb60,real,
GRB60,,,,,27.808270725138208,,2.020695064320652e+27,grb60,real,
GRB60,,,,,28.71931339321383,,1.928456527026051e+27,grb60,real,
GRB60,,,,,29.660176033196304,,1.8376093244102808e+27,grb60,real,
GRB60,,,,,30.631889586206004,,1.7474096971412623e+27,grb60,real,
GRB60,,,,,31.6354334463073,,1.6581519110750922e+27,grb60,real,
GRB60,,,,,32.67186432814856,,1.573111935612986e+27,grb60,real,
GRB60,,,,,33.74223894637818,,1.4910965179468848e+27,grb60,real,
GRB60,,,,,34.84769133622856,,1.412821800224961e+27,grb60,real,
GRB60,,,,,35.98932975940412,,1.3386239502375135e+27,grb60,real,
GRB60,,,,,37.16839134524929,,1.2673706634444134e+27,grb60,real,
GRB60,,,,,38.386087449580536,,1.2018188966527878e+27,grb60,real,
GRB60,,,,,39.6436809752703,,1.1398516498687698e+27,grb60,real,
GRB60,,,,,40.94246059871906,,1.0818669914672745e+27,grb60,real,
GRB90,,,,,0.4636325210376422,,3.997543563766095e+25,grb90,real,
GRB90,,,,,0.478821634299411,,4.2452982728998e+25,grb90,real,
GRB90,,,,,0.4945086921223212,,4.515281958127441e+25,grb90,real,
GRB90,,,,,0.5107094163584583,,4.8008779231119185e+25,grb90,real,
GRB90,,,,,0.5274410752715886,,5.105779251963088e+25,grb90,real,
GRB90,,,,,0.5447206793901983,,5.401869746831686e+25,grb90,real,
GRB90,,,,,0.5625665279191743,,5.751153794852506e+25,grb90,real,
GRB90,,,,,0.580996920063403,,6.080901066051838e+25,grb90,real,
GRB90,,,,,0.6000311859688914,,6.455581495465558e+25,grb90,real,
GRB90,,,,,0.6196891712522069,,6.8526327961594915e+25,grb90,real,
GRB90,,,,,0.6399909792651968,,7.244696814366752e+25,grb90,real,
GRB90,,,,,0.6609580020361087,,7.674304965618625e+25,grb90,real,
GRB90,,,,,0.6826118893284708,,8.140977282305169e+25,grb90,real,
GRB90,,,,,0.7049753218469311,,8.595648504109706e+25,grb90,real,
GRB90,,,,,0.728071238031418,,9.086290631792926e+25,grb90,real,
GRB90,,,,,0.7519238649982604,,9.622902990562028e+25,grb90,real,
GRB90,,,,,0.7765579453343471,,1.0154029052900776e+26,grb90,real,
GRB90,,,,,0.8019989948324077,,1.0740322820882656e+26,grb90,real,
GRB90,,,,,0.8282738179615717,,1.1380365342644925e+26,grb90,real,
GRB90,,,,,0.8554092191909689,,1.2001228206343105e+26,grb90,real,
GRB90,,,,,0.8834335494014098,,1.2709961330695369e+26,grb90,real,
GRB90,,,,,0.9123759326795448,,1.3477376209263573e+26,grb90,real,
GRB90,,,,,0.9422667817884252,,1.421283133983621e+26,grb90,real,
GRB90,,,,,0.973136767226382,,1.5054336456606302e+26,grb90,real,
GRB90,,,,,1.0050181059034269,,1.595390432174617e+26,grb90,real,
GRB90,,,,,1.0379437879354116,,1.683434966782314e+26,grb90,real,
GRB90,,,,,1.0719483498498692,,1.7900544383582335e+26,grb90,real,
GRB90,,,,,1.1070668436448925,,1.899174693552638e+26,grb90,real,
GRB90,,,,,1.1433358677302543,,2.0081187701600592e+26,grb90,real,
GRB90,,,,,1.1807933091921288,,2.1306800230663075e+26,grb90,real,
GRB90,,,,,1.21947782832253,,2.26064077662588e+26,grb90,real,
GRB90,,,,,1.2594296318251523,,2.3949202863582737e+26,grb90,real,
GRB90,,,,,1.3006902150800912,,2.53425659769545e+26,grb90,real,
GRB90,,,,,1.3433026198791225,,2.690602237368408e+26,grb90,real,
GRB90,,,,,1.3873111766904216,,2.846537428549528e+26,grb90,real,
GRB90,,,,,1.432761504658565,,3.013854708766495e+26,grb90,real,
GRB90,,,,,1.479700769339811,,3.1966090424699984e+26,grb90,real,
GRB90,,,,,1.5281776827020968,,3.378076796330177e+26,grb90,real,
GRB90,,,,,1.578243018595601,,3.575233015282101e+26,grb90,real,
GRB90,,,,,1.6299485818116213,,3.7737577133123806e+26,grb90,real,
GRB90,,,,,1.683347981288419,,3.984724428850471e+26,grb90,real,
GRB90,,,,,1.7384966301112128,,4.219908557723702e+26,grb90,real,
GRB90,,,,,1.7954522609827446,,4.460295192654732e+26,grb90,real,
GRB90,,,,,1.8542738952821556,,4.72176897597271e+26,grb90,real,
GRB90,,,,,1.915022358535548,,4.9881471902256425e+26,grb90,real,
GRB90,,,,,1.977761311357105,,5.269529153872802e+26,grb90,real,
GRB90,,,,,2.0425554453021304,,5.572728692805374e+26,grb90,real,
GRB90,,,,,2.1094725447492877,,5.879917486337273e+26,grb90,real,
GRB90,,,,,2.178581682753644,,6.201449121483036e+26,grb90,real,
GRB90,,,,,2.249955282928904,,6.57585433137439e+26,grb90,real,
GRB90,,,,,2.323666799829895,,6.930343742403066e+26,grb90,real,
GRB90,,,,,2.399793554040645,,7.308079203746758e+26,grb90,real,
GRB90,,,,,2.478414154821583,,7.753358678390021e+26,grb90,real,
GRB90,,,,,2.5596103042564984,,8.171185719914448e+26,grb90,real,
GRB90,,,,,2.6434670549878225,,8.607641028141537e+26,grb90,real,
GRB90,,,,,2.730071263804946,,9.133200799448282e+26,grb90,real,
GRB90,,,,,2.8195105607031015,,9.637540098031987e+26,grb90,real,
GRB90,,,,,2.9118828850887257,,1.0125764293648438e+27,grb90,real,
GRB90,,,,,3.007281021662651,,1.074126561440219e+27,grb90,real,
GRB90,,,,,3.105802909831312,,1.1310922409872667e+27,grb90,real,
GRB90,,,,,3.2075542210595502,,1.1909910559284248e+27,grb90,real,
GRB90,,,,,3.3126380494594008,,1.2645146657019016e+27,grb90,real,
GRB90,,,,,3.421162643848503,,1.3331433677072843e+27,grb90,real,
GRB90,,,,,3.533246562455702,,1.407686908651895e+27,grb90,real,
GRB90,,,,,3.649000631451437,,1.500534928625791e+27,grb90,real,
GRB90,,,,,3.7685459864173505,,1.5790762950199064e+27,grb90,real,
GRB90,,,,,3.892008917640691,,1.66506382558498e+27,grb90,real,
GRB90,,,,,4.019518292761505,,1.7733098540612704e+27,grb90,real,
GRB90,,,,,4.151202979419838,,1.85446342512618e+27,grb90,real,
GRB90,,,,,4.287202154666942,,1.9440992809168503e+27,grb90,real,
GRB90,,,,,4.427654995554067,,2.0564840777122325e+27,grb90,real,
GRB90,,,,,4.572710988543667,,2.1334979281413633e+27,grb90,real,
GRB90,,,,,4.722519620098197,,2.2176017763007392e+27,grb90,real,
GRB90,,,,,4.877238108738515,,2.328206693209241e+27,grb90,real,
GRB90,,,,,5.037021095632675,,2.393466098778142e+27,grb90,real,
GRB90,,,,,5.202041263418343,,2.4700018862307003e+27,grb90,real,
GRB90,,,,,5.37246871738038,,2.5637650825402264e+27,grb90,real,
GRB90,,,,,5.548478717509247,,2.608019238957213e+27,grb90,real,
GRB90,,,,,5.730254255853812,,2.654345636483805e+27,grb90,real,
GRB90,,,,,5.917986056521348,,2.7262674495907573e+27,grb90,real,
GRB90,,,,,6.11186742097192,,2.7458394621296404e+27,grb90,real,
GRB90,,,,,6.312099382724004,,2.777853492176334e+27,grb90,real,
GRB90,,,,,6.518893284707277,,2.847483079019123e+27,grb90,real,
GRB90,,,,,6.732460469851416,,2.862257320091926e+27,grb90,real,
GRB90,,,,,6.953025167850101,,2.90775520210135e+27,grb90,real,
GRB90,,,,,7.180816763102618,,3.004470580138714e+27,grb90,real,
GRB90,,,,,7.416069794713851,,3.0463829898238446e+27,grb90,real,
GRB90,,,,,7.659031688552689,,3.132365758805486e+27,grb90,real,
GRB90,,,,,7.909952447840823,,3.2664138555830855e+27,grb90,real,
GRB90,,,,,8.169092385211151,,3.3610798481113184e+27,grb90,real,
GRB90,,,,,8.436724700060568,,3.515246587205794e+27,grb90,real,
GRB90,,,,,8.713122591785977,,3.723779181293447e+27,grb90,real,
GRB90,,,,,8.998577301253881,,3.865395338777863e+27,grb90,real,
GRB90,,,,,9.293382646683591,,4.045248915854594e+27,grb90,real,
GRB90,,,,,9.597847910411218,,4.2676034343286496e+27,grb90,real,
GRB90,,,,,9.912287529478473,,4.4130345724587833e+27,grb90,real,
GRB90,,,,,10.23702625033828,,4.602772244423654e+27,grb90,real,
GRB90,,,,,10.572406860913157,,4.840904745757978e+27,grb90,real,
GRB90,,,,,10.918774726478436,,5.004157538357392e+27,grb90,real,
GRB90,,,,,11.276488099073442,,5.207421916535884e+27,grb90,real,
GRB90,,,,,11.645920694854317,,5.463145611701379e+27,grb90,real,
GRB90,,,,,12.027459116741197,,5.637438611646223e+27,grb90,real,
GRB90,,,,,12.421495122359826,,5.856696196256107e+27,grb90,real,
GRB90,,,,,12.828441088158351,,6.100456889207051e+27,grb90,real,
GRB90,,,,,13.248719699996132,,6.218394644600829e+27,grb90,real,
GRB90,,,,,13.682763953143729,,6.348643950116381e+27,grb90,real,
GRB90,,,,,14.1310326163997,,6.459598367248793e+27,grb90,real,
GRB90,,,,,14.59398445856261,,6.439396873380197e+27,grb90,real,
GRB90,,,,,15.072104021959046,,6.395877905445113e+27,grb90,real,
GRB90,,,,,15.565886158326784,,6.355633954594555e+27,grb90,real,
GRB90,,,,,16.07584633822601,,6.140709410907789e+27,grb90,real,
GRB90,,,,,16.60251549633372,,5.947319604450573e+27,grb90,real,
GRB90,,,,,17.146437454090904,,5.747617842995904e+27,grb90,real,
GRB90,,,,,17.70817665176098,,5.418402916824268e+27,grb90,real,
GRB90,,,,,18.288323303135353,,5.127669203316667e+27,grb90,real,
GRB90,,,,,18.887472776711043,,4.872270248141233e+27,grb90,real,
GRB90,,,,,19.506253946571476,,4.5169266090448545e+27,grb90,real,
GRB90,,,,,20.145305996211295,,4.227892780822475e+27,grb90,real,
GRB90,,,,,20.805293882653128,,3.9935952587842834e+27,grb90,real,
GRB90,,,,,21.486905759094835,,3.670167561115899e+27,grb90,real,
GRB90,,,,,22.19084782020387,,3.43396445338822e+27,grb90,real,
GRB90,,,,,22.9178494568229,,3.2369539388893156e+27,grb90,real,
GRB90,,,,,23.668670988028197,,2.974684018821509e+27,grb90,real,
GRB90,,,,,24.444090774365648,,2.78512823934374e+27,grb90,real,
GRB90,,,,,25.244912949909143,,2.639315222222361e+27,grb90,real,
GRB90,,,,,26.071959690202203,,2.422056550337229e+27,grb90,real,
GRB90,,,,,26.92612018196111,,2.2796042588021535e+27,grb90,real,
GRB90,,,,,27.808270725138208,,2.1707973157975743e+27,grb90,real,
GRB90,,,,,28.71931339321383,,1.991118964991141e+27,grb90,real,
GRB90,,,,,29.660176033196304,,1.8905343242569353e+27,grb90,real,
GRB90,,,,,30.631889586206004,,1.8002585116530045e+27,grb90,real,
GRB90,,,,,31.6354334463073,,1.6595822907380644e+27,grb90,real,
GRB90,,,,,32.67186432814856,,1.5824189265891687e+27,grb90,real,
GRB90,,,,,33.74223894637818,,1.5051555691882014e+27,grb90,real,
GRB90,,,,,34.84769133622856,,1.397564734592154e+27,grb90,real,
GRB90,,,,,35.98932975940412,,1.3344499462010246e+27,grb90,real,
GRB90,,,,,37.16839134524929,,1.268803900057445e+27,grb90,real,
GRB90,,,,,38.386087449580536,,1.1900044558413154e+27,grb90,real,
GRB90,,,,,39.6436809752703,,1.1321616926260934e+27,grb90,real,
GRB90,,,,,40.94246059871906,,1.0796966617389696e+27,grb90,real,