SN,mjd obs,flux (mJy),RMS(mJy),mjd exp date,dt (days),dt (years),redshift,Luminosity,classification,status,type,rms(lum)
SN2018hon,58585.0,0.52,0.137,58416.26899,168.73101,0.4622767397,0.081,9.01e+28,new_VLASS,real,IIn,2.3736165369144825e+28
SN2018hon,59549.0,1.803,0.198,58416.26899,1132.73101,3.10337263,0.081,3.12e+29,new_VLASS,real,IIn,3.430482294226771e+28
SN2018hon,60480.0,0.372,0.137,58416.26899,2063.73101,5.654057562,0.081,6.45e+28,new_VLASS,real,IIn,2.3736165369144825e+28
SN2018hon,60826.70367,0.532,0.089,58416.26899,2410.43468,6.60393063,0.081,9.22e+28,25A-386 upper,upper,IIn,1.5419844655867807e+28
SN2019aur,58652.0,0.977,0.146,58526.26199,125.7380093,0.3444876966,0.0124,3.6000000000000004e+27,new_VLASS,real,IIb,5.373600831322818e+26
SN2019aur,59499.0,0.414,0.154,58526.26199,972.7380093,2.665035642,0.0124,1.52e+27,new_VLASS,real,IIb,5.668044712491192e+26
SN2019aur,60470.0,0.359,0.114,58526.26199,1943.738009,5.325309614,0.0124,1.3200000000000002e+27,new_VLASS,real,IIb,4.195825306649324e+26
SN2019aur,60840.76803,0.365,0.075,58526.26199,2314.506039,6.341112436,0.0124,1.3400000000000002e+27,25A-386 Observations,real,IIb,2.7604113859535025e+26
SN2019njv,58031.0,0.289,0.111,58707.29899,-676.29899,-1.852873945,0.01458,1.4800000000000002e+27,new_VLASS,real,IIn,5.666695487597427e+26
SN2019njv,59070.0,0.697,0.194,58707.29899,362.70101,0.9937013973,0.01458,3.5600000000000005e+27,new_VLASS,real,IIn,9.903954275620729e+26
SN2019njv,59978.0,8.017,0.698,58707.29899,1270.70101,3.48137263,0.01458,4.09e+28,new_VLASS,real,IIn,3.563381486795499e+27
SN2019njv,60823.48927,5.902,0.48,58707.29899,2116.19028,5.797781589,0.01458,3.01e+28,25A-386 Observations,real,IIn,2.4504629135556443e+27
SN2019njv,59576.533,2.056,0.34,58707.29899,868.0,2.378082192,0.01458,1.05e+28,ASKAP Observations,real,IIn,1.7357445637685816e+27
SN2019pqo,58584.0,0.367,0.125,58733.21242,-149.21242,-0.4088011507,0.01413,1.76e+27,new_VLASS,real,IIb,5.9895320375826436e+26
SN2019pqo,59533.0,0.359,0.128,58733.21242,799.78758,2.191198849,0.01413,1.7200000000000002e+27,new_VLASS,real,IIb,6.133280806484628e+26
SN2019pqo,60481.0,0.938,0.158,58733.21242,1747.78758,4.788459123,0.01413,4.49e+27,new_VLASS,real,IIb,7.570768495504462e+26
SN2019pqo,60827.12607,2.045,0.299,58733.21242,2093.91365,5.736749726,0.01413,9.800000000000001e+27,25A-386 Observations,real,IIb,1.4326960633897682e+27
SN2019wqq,58628.0,0.436,0.137,58828.4286,-199.839,-0.5475041096,0.01123,1.3300000000000002e+27,new_VLASS,real,IIb,4.128419363743459e+26
SN2019wqq,59545.0,0.45,0.152,58828.4286,717.161,1.964824658,0.01123,1.37e+27,new_VLASS,real,IIb,4.580436082401501e+26
SN2019wqq,60461.0,3.15,0.212,58828.4286,1632.571,4.47279726,0.01123,9.600000000000001e+27,new_VLASS,real,IIb,6.388502957033672e+26
SN2019wqq,60881.82798,5.705,0.569,58828.4286,2053.399,5.625750685,0.01123,1.74e+28,25A-386 Observations,real,IIb,1.7146500861095092e+27
SN2019yvs,58590.0,0.364,0.157,58845.55899,-255.55899,-0.7001616164,0.0255,5.780000000000001e+27,new_VLASS,real,Ib,2.491892954216617e+27
SN2019yvs,59488.0,0.389,0.126,58845.55899,642.44101,1.760112356,0.0255,6.170000000000001e+27,new_VLASS,real,Ib,1.9998631352311703e+27
SN2019yvs,60471.0,0.894,0.148,58845.55899,1625.44101,4.453263041,0.0255,1.4200000000000001e+28,new_VLASS,real,Ib,2.3490455874143904e+27
SN2019yvs,60828.05281,0.713,0.076,58845.55899,1982.49382,5.431489918,0.0255,1.13e+28,25A-386 Observations,real,Ib,1.206266652996579e+27
SN2020aqe,58157.0,0.411,0.122,58871.575,-714.575,-1.957739726,0.01225,1.4800000000000002e+27,new_VLASS,real,II,4.38130133966308e+26
SN2020aqe,59154.0,1.946,0.199,58871.575,282.425,0.7737671233,0.01225,6.990000000000001e+27,new_VLASS,real,II,7.146548906499615e+26
SN2020aqe,60098.0,0.648,0.209,58871.575,1226.425,3.360068493,0.01225,2.3300000000000002e+27,new_VLASS,real,II,7.505671967127734e+26
SN2020aqe,60827.03267,2.614,0.313,58871.575,1955.45767,5.357418274,0.01225,9.390000000000001e+27,25A-386 upper,upper,II,1.1240551797660198e+27
SN2020adhh,58580.0,0.413,0.153,59200.3116,-629.639,-1.725038356,0.022,4.96e+27,new_VLASS,upper,II,1.798194083738426e+27
SN2020adhh,59506.0,1.479,0.148,59200.3116,296.361,0.8119479452,0.022,1.7800000000000002e+28,new_VLASS,real,II,1.7394295711979544e+27
SN2020adhh,60435.0,0.697,0.123,59200.3116,1234.688,3.382706849,0.022,8.370000000000001e+27,new_VLASS,real,II,1.4456070084955974e+27
SN2020adhh,60852.602,1.6,0.571,59200.3116,1652.29,4.526821918,0.022,1.9200000000000002e+28,25A-386 Observations,real,II,6.710907332121837e+27
SN2020adhh,59572.903,0.177,0.23,59200.3116,371.0,1.016438356,0.022,2.0800000000000003e+27,ASKAP Observations,real,II,2.7031675768616864e+27
SN2020nec,58551.0,0.347,0.144,59021.587,-479.769,-1.314435616,0.045,1.84e+28,new_VLASS,real,II,7.322508979231434e+27
SN2020nec,59530.0,0.507,0.109,59021.587,499.231,1.367756164,0.045,2.6900000000000003e+28,new_VLASS,real,II,5.542732491223794e+27
SN2020nec,60486.0,0.289,0.112,59021.587,1464.413,4.012090411,0.045,1.5400000000000001e+28,new_VLASS,real,II,5.695284761624449e+27
SN2020nec,60853.5226,0.082,0.021,59021.587,1831.936,5.01900274,0.045,4.3600000000000004e+27,25A-386 Observations,real,II,1.0678658928045841e+27
SN2020ywx,58121.0,0.314,0.161,59157.62,-1036.62,-2.840054795,0.0217,3.59e+27,new_VLASS,real,IIn,1.8401437463646035e+27
SN2020ywx,59051.0,0.359,0.12,59157.62,-106.62,-0.292109589,0.0217,4.1e+27,new_VLASS,real,IIn,1.371535711576102e+27
SN2020ywx,59969.0,2.923,0.253,59157.62,811.38,2.222958904,0.0217,3.34e+28,new_VLASS,real,IIn,2.8916544585729484e+27
SN2020ywx,60839.16554,1.521,0.16,59157.62,1681.54554,4.606974082,0.0217,1.74e+28,25A-386 Observations,real,IIn,1.8287142821014694e+27
SN2021aefs,58157.0,0.511,0.13,59527.272,-1370.272,-3.754169863,0.01225,1.84e+27,new_VLASS,real,IIn,4.668599788165577e+26
SN2021aefs,59154.0,1.946,0.216,59527.272,-373.272,-1.022663014,0.01225,6.990000000000001e+27,new_VLASS,real,IIn,7.75705810956742e+26
SN2021aefs,60098.0,0.648,0.228,59527.272,570.728,1.563638356,0.01225,2.3300000000000002e+27,new_VLASS,real,IIn,8.188005782321166e+26
SN2021aefs,60828.01716,3.78,0.564,59527.272,1300.74516,3.56368537,0.01225,1.36e+28,25A-386 upper,upper,IIn,2.025454061942604e+27
SN2021bmf,58651.0,0.284,0.139,59244.613,-593.613,-1.626336986,0.04,1.13e+28,new_VLASS,real,Ic-BL,5.544738246762618e+27
SN2021bmf,59483.0,5.57,0.526,59244.613,238.387,0.6531150685,0.04,2.22e+29,new_VLASS,real,Ic-BL,2.0982246890626883e+28
SN2021bmf,60479.0,9.036,0.935,59244.613,1234.387,3.381882192,0.04,3.6e+29,new_VLASS,real,Ic-BL,3.729734000520178e+28
SN2021bmf,60825.39025,7.343,1.068,59244.613,1580.77725,4.330896575,0.04,2.93e+29,25A-386 Observations,real,Ic-BL,4.260273703267968e+28
SN2021bmf,59582.611,1.704,0.786,59244.613,337.0,0.9232876712,0.04,6.8e+28,ASKAP Observations,real,Ic-BL,3.135369972629797e+28
SN2021tcv,58587.0,0.343,0.11,59406.596,-819.596,-2.245468493,0.017,2.3900000000000003e+27,new_VLASS,real,II,7.662249377331288e+26
SN2021tcv,59511.0,0.498,0.152,59406.596,104.404,0.2860383562,0.017,3.4700000000000006e+27,new_VLASS,real,II,1.0587835503221415e+27
SN2021tcv,60455.0,1.213,0.206,59406.596,1048.404,2.872339726,0.017,8.45e+27,new_VLASS,real,II,1.4349303379365864e+27
SN2021tcv,60831.59135,1.59,0.14,59406.596,1424.99535,3.904096849,0.017,1.11e+28,25A-386 Observations,real,II,9.751953752967094e+26
SN2022cb,58122.0,0.268,0.117,59584.822,-1462.822,-4.007731507,0.035,8.13e+27,new_VLASS,real,Ib,3.547472554377136e+27
SN2022cb,59063.0,0.568,0.204,59584.822,-521.822,-1.429649315,0.035,1.72e+28,new_VLASS,real,Ib,6.185336761478083e+27
SN2022cb,59975.0,0.954,0.164,59584.822,390.178,1.068980822,0.035,2.89e+28,new_VLASS,real,Ib,4.972525631776498e+27
SN2022cb,60847.77258,0.888,0.114,59584.822,1262.950577,3.460138567,0.035,2.6900000000000003e+28,25A-386 Observations,real,Ib,3.456511719649517e+27
SN2023axu,58167.0,0.315,0.128,59972.11622,-1803.952,-4.942334247,0.0028,5.84e+25,new_VLASS,real,II,2.3674180250860088e+25
SN2023axu,59154.0,0.436,0.157,59972.11622,-817.646,-2.240126027,0.0028,8.09e+25,new_VLASS,real,II,2.9037861713945574e+25
SN2023axu,60104.0,0.686,0.157,59972.11622,132.737,0.3636630137,0.0028,1.27e+26,new_VLASS,real,II,2.9037861713945574e+25
SN2023axu,60881.8024,0.333,0.047,59972.11622,909.686,2.492290411,0.0028,6.1799999999999995e+25,25A-386 Observations,real,II,8.692863060862688e+24
SN2023rky,58608.0,0.391,0.164,60193.336,-1585.336,-4.343386301,0.01519,2.1700000000000002e+27,new_VLASS,real,II,9.095959261119912e+26
SN2023rky,59525.0,0.286,0.153,60193.336,-668.336,-1.831057534,0.01519,1.59e+27,new_VLASS,real,II,8.485864432630161e+26
SN2023rky,60489.0,0.667,0.133,60193.336,295.664,0.8100383562,0.01519,3.7000000000000006e+27,new_VLASS,real,II,7.376601108103344e+26
SN2023rky,60848.41062,0.333,0.042,60193.336,655.0746215,1.79472499,0.01519,1.8500000000000003e+27,25A-386 Observations,real,II,2.3294529815063187e+26
SN2024ehs,58157.0,0.309,0.135,60384.47002,-2227.47002,-6.102657589,0.00377,1.04e+26,new_VLASS,real,II,4.5332337882678325e+25
SN2024ehs,59535.0,0.333,0.127,60384.47002,-849.47002,-2.327315123,0.00377,1.12e+26,new_VLASS,real,II,4.264597711926034e+25
SN2024ehs,60431.0,0.997,0.154,60384.47002,46.52998,0.1274793973,0.00377,3.35e+26,new_VLASS,real,II,5.1712444695796e+25
SN2024ehs,60840.17381,0.102,0.025,60384.47002,455.70379,1.248503534,0.00377,3.43e+25,25A-386 Observations,real,II,8.39487738568117e+24
1986J,55813.0,1.76,,46663.0,9150.0,25.06849315,0.001763,1.2899999999999999e+26,Archival IIn,real,IIn,
1986J,55822.0,1.79,,46663.0,9159.0,25.09315068,0.001763,1.31e+26,Archival IIn,real,IIn,
1986J,56027.0,1.82,,46663.0,9364.0,25.65479452,0.001763,1.33e+26,Archival IIn,real,IIn,
1986J,56952.0,1.62,,46663.0,10289.0,28.1890411,0.001763,1.19e+26,Archival IIn,real,IIn,
1986J,58587.0,1.194,,46663.0,11924.0,32.66849315,0.001763,8.759999999999999e+25,VLASS IIn,real,IIn,
1986J,59511.0,1.142,,46663.0,12848.0,35.2,0.001763,8.379999999999999e+25,VLASS IIn,real,IIn,
1986J,60455.0,1.272,,46663.0,13792.0,37.78630137,0.001763,9.33e+25,VLASS IIn,real,IIn,
SN2004c,53029.41,0.556,,53016.0,13.41,0.03673972603,0.0057,4.2799999999999996e+26,Archival Ibc,real,Ic,
SN2004c,53041.36,0.938,,53016.0,25.36,0.06947945205,0.0057,7.219999999999999e+26,Archival Ibc,real,Ic,
SN2004c,53081.15,2.326,,53016.0,65.15,0.1784931507,0.0057,1.7900000000000002e+27,Archival Ibc,real,Ic,
SN2004c,53088.21,3.101,,53016.0,72.21,0.1978356164,0.0057,2.3900000000000003e+27,Archival Ibc,real,Ic,
SN2004c,53101.07,3.952,,53016.0,85.07,0.2330684932,0.0057,3.04e+27,Archival Ibc,real,Ic,
SN2004c,53107.14,3.678,,53016.0,91.14,0.2496986301,0.0057,2.83e+27,Archival Ibc,real,Ic,
SN2004c,53113.08,3.387,,53016.0,97.08,0.2659726027,0.0057,2.6100000000000003e+27,Archival Ibc,real,Ic,
SN2004c,53127.14,4.473,,53016.0,111.14,0.3044931507,0.0057,3.4400000000000004e+27,Archival Ibc,real,Ic,
SN2004c,53137.18,4.927,,53016.0,121.18,0.332,0.0057,3.7900000000000005e+27,Archival Ibc,real,Ic,
SN2004c,53165.98,5.574,,53016.0,149.98,0.4109041096,0.0057,4.2900000000000004e+27,Archival Ibc,real,Ic,
SN2004c,53183.08,8.097,,53016.0,167.08,0.4577534247,0.0057,6.23e+27,Archival Ibc,real,Ic,
SN2004c,53211.98,7.808,,53016.0,195.98,0.5369315068,0.0057,6.01e+27,Archival Ibc,real,Ic,
SN2004c,53228.97,6.505,,53016.0,212.97,0.5834794521,0.0057,5.010000000000001e+27,Archival Ibc,real,Ic,
SN2004c,53271.84,8.873,,53016.0,255.84,0.7009315068,0.0057,6.83e+27,Archival Ibc,real,Ic,
SN2004c,53291.59,9.423,,53016.0,275.59,0.7550410959,0.0057,7.25e+27,Archival Ibc,real,Ic,
SN2004c,53330.67,7.796,,53016.0,314.67,0.862109589,0.0057,6.000000000000001e+27,Archival Ibc,real,Ic,
SN2004c,53402.27,8.267,,53016.0,386.27,1.058273973,0.0057,6.36e+27,Archival Ibc,real,Ic,
SN2004c,53511.47,8.62,,53016.0,495.47,1.357452055,0.0057,6.640000000000001e+27,Archival Ibc,real,Ic,
SN2004c,53603.94,7.271,,53016.0,587.94,1.610794521,0.0057,5.600000000000001e+27,Archival Ibc,real,Ic,
SN2004c,53689.6,5.355,,53016.0,673.6,1.845479452,0.0057,4.12e+27,Archival Ibc,real,Ic,
SN2004c,53801.41,5.437,,53016.0,785.41,2.151808219,0.0057,4.19e+27,Archival Ibc,real,Ic,
SN2004c,54248.1,1.586,,53016.0,1232.1,3.375616438,0.0057,1.22e+27,Archival Ibc,real,Ic,
SN2004c,54366.74,1.751,,53016.0,1350.74,3.700657534,0.0057,1.3500000000000001e+27,Archival Ibc,real,Ic,
SN2004c,54926.22,1.424,,53016.0,1910.22,5.233479452,0.0057,1.1000000000000001e+27,Archival Ibc,real,Ic,
SN2004c,55781.65,0.546,,53016.0,2765.65,7.577123288,0.0057,4.2e+26,Archival Ibc,real,Ic,
SN2004c,58020.0,4.2,,53016.0,5004.0,13.70958904,0.0057,2.8000000000000005e+27,VLASS Ibc,real,Ic,
SN2004c,59064.0,5.3,,53016.0,6048.0,16.56986301,0.0057,3.5e+27,VLASS Ibc,real,Ic,
SN2004c,59984.0,3.764,,53016.0,6968.0,19.09041096,0.0057,2.9100000000000004e+27,VLASS Ibc,real,Ic,
SN2004dk,53228.0,0.87,,53218.0,10.0,0.02739726027,0.0052,5.57e+26,Archival Ibc,real,Ib,
SN2004dk,53230.0,1.09,,53218.0,12.0,0.03287671233,0.0052,6.98e+26,Archival Ibc,real,Ib,
SN2004dk,53235.0,0.95,,53218.0,17.0,0.04657534247,0.0052,6.08e+26,Archival Ibc,real,Ib,
SN2004dk,53250.0,1.8,,53218.0,32.0,0.08767123288,0.0052,1.1500000000000002e+27,Archival Ibc,real,Ib,
SN2004dk,53258.0,1.06,,53218.0,40.0,0.1095890411,0.0052,6.79e+26,Archival Ibc,real,Ib,
SN2004dk,53266.0,0.86,,53218.0,48.0,0.1315068493,0.0052,5.51e+26,Archival Ibc,real,Ib,
SN2004dk,53282.0,0.46,,53218.0,64.0,0.1753424658,0.0052,2.9499999999999998e+26,Archival Ibc,real,Ib,
SN2004dk,53295.0,0.56,,53218.0,77.0,0.2109589041,0.0052,3.59e+26,Archival Ibc,real,Ib,
SN2004dk,53413.0,0.26,,53218.0,195.0,0.5342465753,0.0052,1.66e+26,Archival Ibc,real,Ib,
SN2004dk,54874.0,0.22,,53218.0,1656.0,4.536986301,0.0052,1.41e+26,Archival Ibc,real,Ib,
SN2004dk,54886.0,0.21,,53218.0,1668.0,4.569863014,0.0052,1.3399999999999999e+26,Archival Ibc,real,Ib,
SN2004dk,54923.0,0.34,,53218.0,1705.0,4.671232877,0.0052,2.18e+26,Archival Ibc,real,Ib,
SN2004dk,54940.0,0.21,,53218.0,1722.0,4.717808219,0.0052,1.3399999999999999e+26,Archival Ibc,real,Ib,
SN2004dk,55093.0,0.28,,53218.0,1875.0,5.136986301,0.0052,1.79e+26,Archival Ibc,real,Ib,
SN2004dk,58624.0,5.88,,53218.0,5406.0,14.8109589,0.0052,3.7800000000000003e+27,VLASS Ibc,real,Ib,
SN2004dk,59511.0,6.994,,53218.0,6293.0,17.24109589,0.0052,4.5000000000000005e+27,VLASS Ibc,real,Ib,
SN2004dk,60475.0,6.939,,53218.0,7257.0,19.88219178,0.0052,4.4700000000000003e+27,VLASS Ibc,real,Ib,
PTF11qcj,55880.538,0.421,,55866.0,14.538,0.03983013699,0.028,8.090000000000001e+27,Archival Ibc,real,Ic-BL,
PTF11qcj,55887.508,0.619,,55866.0,21.508,0.0589260274,0.028,1.19e+28,Archival Ibc,real,Ic-BL,
PTF11qcj,55892.67,0.936,,55866.0,26.67,0.07306849315,0.028,1.8000000000000002e+28,Archival Ibc,real,Ic-BL,
PTF11qcj,55894.635,1.46,,55866.0,28.635,0.07845205479,0.028,2.8e+28,Archival Ibc,real,Ic-BL,
PTF11qcj,55897.511,1.566,,55866.0,31.511,0.08633150685,0.028,3.01e+28,Archival Ibc,real,Ic-BL,
PTF11qcj,55902.518,2.6,,55866.0,36.518,0.1000493151,0.028,4.99e+28,Archival Ibc,real,Ic-BL,
PTF11qcj,55910.476,2.24,,55866.0,44.476,0.1218520548,0.028,4.300000000000001e+28,Archival Ibc,real,Ic-BL,
PTF11qcj,55916.558,2.31,,55866.0,50.558,0.1385150685,0.028,4.44e+28,Archival Ibc,real,Ic-BL,
PTF11qcj,55926.572,2.09,,55866.0,60.572,0.1659506849,0.028,4.01e+28,Archival Ibc,real,Ic-BL,
PTF11qcj,55927.555,2.51,,55866.0,61.555,0.1686438356,0.028,4.82e+28,Archival Ibc,real,Ic-BL,
PTF11qcj,55949.598,3.86,,55866.0,83.598,0.2290356164,0.028,7.41e+28,Archival Ibc,real,Ic-BL,
PTF11qcj,55950.363,2.03,,55866.0,84.363,0.2311315068,0.028,3.9000000000000003e+28,Archival Ibc,real,Ic-BL,
PTF11qcj,55967.439,3.04,,55866.0,101.439,0.2779150685,0.028,5.84e+28,Archival Ibc,real,Ic-BL,
PTF11qcj,55987.428,2.51,,55866.0,121.428,0.3326794521,0.028,4.82e+28,Archival Ibc,real,Ic-BL,
PTF11qcj,55988.283,3.47,,55866.0,122.283,0.3350219178,0.028,6.66e+28,Archival Ibc,real,Ic-BL,
PTF11qcj,55997.46,2.47,,55866.0,131.46,0.3601643836,0.028,4.74e+28,Archival Ibc,real,Ic-BL,
PTF11qcj,56011.553,3.03,,55866.0,145.553,0.3987753425,0.028,5.82e+28,Archival Ibc,real,Ic-BL,
PTF11qcj,56027.091,2.34,,55866.0,161.091,0.4413452055,0.028,4.49e+28,Archival Ibc,real,Ic-BL,
PTF11qcj,56035.092,2.67,,55866.0,169.092,0.4632657534,0.028,5.130000000000001e+28,Archival Ibc,real,Ic-BL,
PTF11qcj,56044.421,3.05,,55866.0,178.421,0.4888246575,0.028,5.860000000000001e+28,Archival Ibc,real,Ic-BL,
PTF11qcj,56057.428,2.73,,55866.0,191.428,0.524460274,0.028,5.24e+28,Archival Ibc,real,Ic-BL,
PTF11qcj,56101.224,3.2,,55866.0,235.224,0.6444493151,0.028,6.15e+28,Archival Ibc,real,Ic-BL,
PTF11qcj,56155.076,1.697,,55866.0,289.076,0.7919890411,0.028,3.26e+28,Archival Ibc,real,Ic-BL,
PTF11qcj,56223.561,2.23,,55866.0,357.561,0.9796191781,0.028,4.28e+28,Archival Ibc,real,Ic-BL,
PTF11qcj,56429.038,5.77,,55866.0,563.038,1.542569863,0.028,1.11e+29,Archival Ibc,real,Ic-BL,
PTF11qcj,56809.993,7.55,,55866.0,943.993,2.586282192,0.028,1.45e+29,Archival Ibc,real,Ic-BL,
PTF11qcj,56948.91,9.0,,55866.0,1082.91,2.966876712,0.028,1.73e+29,Archival Ibc,real,Ic-BL,
PTF11qcj,57006.658,8.71,,55866.0,1140.658,3.125090411,0.028,1.67e+29,Archival Ibc,real,Ic-BL,
PTF11qcj,57046.262,9.25,,55866.0,1180.262,3.233594521,0.028,1.78e+29,Archival Ibc,real,Ic-BL,
PTF11qcj,57354.492,9.54,,55866.0,1488.492,4.078060274,0.028,1.83e+29,Archival Ibc,real,Ic-BL,
PTF11qcj,57729.458,9.46,,55866.0,1863.458,5.105364384,0.028,1.82e+29,Archival Ibc,real,Ic-BL,
PTF11qcj,58553.0,6.8,,55866.0,2687.0,7.361643836,0.0287,1.12e+29,VLASS Ibc,real,Ic-BL,
PTF11qcj,59540.0,3.18,,55866.0,3674.0,10.06575342,0.0287,6.61e+28,VLASS Ibc,real,Ic-BL,
PTF11qcj,60490.0,1.618,,55866.0,4624.0,12.66849315,0.0287,3.3600000000000004e+28,VLASS Ibc,real,Ic-BL,
SN2012au,56006.2,4.596,,56000.0,6.2,0.01698630137,0.0045,2.2000000000000001e+27,Archival Ibc,real,Ib,
SN2012au,56010.3,5.658,,56000.0,10.3,0.02821917808,0.0045,2.71e+27,Archival Ibc,real,Ib,
SN2012au,56040.1,9.569,,56000.0,40.1,0.1098630137,0.0045,4.58e+27,Archival Ibc,real,Ib,
SN2012au,58553.0,4.228,,56000.0,2553.0,6.994520548,0.0045,2.0300000000000002e+27,VLASS Ibc,real,Ib,
SN2012au,59593.0,4.337,,56000.0,3593.0,9.843835616,0.0045,2.0800000000000003e+27,VLASS Ibc,real,Ib,
SN2012au,60501.10163,4.448,,56000.0,4501.10163,12.33178529,0.0045,2.13e+27,VLASS Ibc,real,Ib,
SN2016coi,57542.0,1.15,,57535.54,6.46,0.01769863014,0.0036,3.52e+26,Archival Ibc,real,Ic-BL,
SN2016coi,57552.0,4.8,,57535.54,16.46,0.04509589041,0.0036,1.4700000000000003e+27,Archival Ibc,real,Ic-BL,
SN2016coi,57577.0,12.9,,57535.54,41.46,0.1135890411,0.0036,3.9500000000000005e+27,Archival Ibc,real,Ic-BL,
SN2016coi,57638.0,13.5,,57535.54,102.46,0.2807123288,0.0036,4.1300000000000004e+27,Archival Ibc,real,Ic-BL,
SN2016coi,57801.0,6.2,,57535.54,265.46,0.7272876712,0.0036,1.9e+27,Archival Ibc,real,Ic-BL,
SN2016coi,59049.0,1.8,,57535.54,1513.46,4.146465753,0.0036,4.7e+26,VLASS Ibc,real,Ic-BL,
SN2016coi,59520.18198,0.43,,57535.54,1984.641984,5.4373753,0.0036,1.32e+26,VLASS Ibc,real,Ic-BL,
SN2016coi,60501.47452,0.74,,57535.54,2965.934521,8.125848002,0.0036,2.27e+26,VLASS Ibc,real,Ic-BL,
1998bw,50934.0,9.0,,50931.0,3.0,0.008219178082,0.008499,1.55e+28,Archival Ibc,real,Ic,
1998bw,50935.0,9.9,,50931.0,4.0,0.01095890411,0.008499,1.7e+28,Archival Ibc,real,Ic,
1998bw,50940.9,39.0,,50931.0,9.9,0.02712328767,0.008499,6.7e+28,Archival Ibc,real,Ic,
1998bw,50942.7,44.6,,50931.0,11.7,0.03205479452,0.008499,7.6700000000000005e+28,Archival Ibc,real,Ic,
1998bw,50945.6,39.9,,50931.0,14.6,0.04,0.008499,6.86e+28,Archival Ibc,real,Ic,
1998bw,50946.7,37.4,,50931.0,15.7,0.04301369863,0.008499,6.43e+28,Archival Ibc,real,Ic,
1998bw,50947.5,37.1,,50931.0,16.5,0.04520547945,0.008499,6.38e+28,Archival Ibc,real,Ic,
1998bw,50948.8,32.6,,50931.0,17.8,0.04876712329,0.008499,5.6e+28,Archival Ibc,real,Ic,
1998bw,50950.7,28.6,,50931.0,19.7,0.05397260274,0.008499,4.92e+28,Archival Ibc,real,Ic,
1998bw,50952.6,24.3,,50931.0,21.6,0.05917808219,0.008499,4.18e+28,Archival Ibc,real,Ic,
1998bw,50954.6,24.7,,50931.0,23.6,0.06465753425,0.008499,4.25e+28,Archival Ibc,real,Ic,
1998bw,50956.9,27.6,,50931.0,25.9,0.07095890411,0.008499,4.74e+28,Archival Ibc,real,Ic,
1998bw,50957.8,29.5,,50931.0,26.8,0.07342465753,0.008499,5.07e+28,Archival Ibc,real,Ic,
1998bw,50959.8,30.0,,50931.0,28.8,0.07890410959,0.008499,5.16e+28,Archival Ibc,real,Ic,
1998bw,50961.0,30.0,,50931.0,30.0,0.08219178082,0.008499,5.16e+28,Archival Ibc,real,Ic,
1998bw,50963.9,30.3,,50931.0,32.9,0.0901369863,0.008499,5.21e+28,Archival Ibc,real,Ic,
1998bw,50965.7,28.6,,50931.0,34.7,0.09506849315,0.008499,4.92e+28,Archival Ibc,real,Ic,
1998bw,50967.8,27.0,,50931.0,36.8,0.1008219178,0.008499,4.64e+28,Archival Ibc,real,Ic,
1998bw,50969.8,24.6,,50931.0,38.8,0.1063013699,0.008499,4.23e+28,Archival Ibc,real,Ic,
1998bw,50971.0,24.1,,50931.0,40.0,0.1095890411,0.008499,4.14e+28,Archival Ibc,real,Ic,
1998bw,50976.7,20.7,,50931.0,45.7,0.1252054795,0.008499,3.5600000000000003e+28,Archival Ibc,real,Ic,
1998bw,50982.7,16.3,,50931.0,51.7,0.1416438356,0.008499,2.8e+28,Archival Ibc,real,Ic,
1998bw,50988.7,14.0,,50931.0,57.7,0.1580821918,0.008499,2.41e+28,Archival Ibc,real,Ic,
1998bw,50995.7,11.4,,50931.0,64.7,0.177260274,0.008499,1.96e+28,Archival Ibc,real,Ic,
1998bw,50998.7,11.1,,50931.0,67.7,0.1854794521,0.008499,1.91e+28,Archival Ibc,real,Ic,
1998bw,51011.5,6.3,,50931.0,80.5,0.2205479452,0.008499,1.0800000000000001e+28,Archival Ibc,real,Ic,
1998bw,51018.7,5.0,,50931.0,87.7,0.2402739726,0.008499,8.59e+27,Archival Ibc,real,Ic,
1998bw,51024.4,4.0,,50931.0,93.4,0.255890411,0.008499,6.880000000000001e+27,Archival Ibc,real,Ic,
1998bw,51033.8,4.3,,50931.0,102.8,0.2816438356,0.008499,7.39e+27,Archival Ibc,real,Ic,
1998bw,51045.8,3.2,,50931.0,114.8,0.3145205479,0.008499,5.500000000000001e+27,Archival Ibc,real,Ic,
1998bw,51057.8,3.4,,50931.0,126.8,0.3473972603,0.008499,5.84e+27,Archival Ibc,real,Ic,
1998bw,51080.5,2.5,,50931.0,149.5,0.4095890411,0.008499,4.3000000000000006e+27,Archival Ibc,real,Ic,
1998bw,51123.4,3.1,,50931.0,192.4,0.5271232877,0.008499,5.33e+27,Archival Ibc,real,Ic,
1998bw,51179.2,1.1,,50931.0,248.2,0.68,0.008499,1.8900000000000001e+27,Archival Ibc,real,Ic,
1998bw,51251.0,0.6,,50931.0,320.0,0.8767123288,0.008499,1.03e+27,Archival Ibc,real,Ic,
1998bw,51721.0,0.3,,50931.0,790.0,2.164383562,0.008499,5.1599999999999996e+26,Archival Ibc,real,Ic,
IIavg,,,,,,0.02,,4.999999999999999e+25,II average,real,,
IIavg,,,,,,0.08,,4e+26,II average,real,,
IIavg,,,,,,0.5,,5e+26,II average,real,,
IIavg,,,,,,1.36,,2e+26,II average,real,,
IIavg,,,,,,3.5,,7.999999999999999e+25,II average,real,,
IIavg,,,,,,20.5,,1.9999999999999998e+25,II average,real,,
Ibcavg,,,,,,0.01,,1.2e+26,Ib/c average,real,,
Ibcavg,,,,,,0.03,,8.8e+26,Ib/c average,real,,
Ibcavg,,,,,,0.1,,1.3e+27,Ib/c average,real,,
Ibcavg,,,,,,0.5,,7.6e+26,Ib/c average,real,,
Ibcavg,,,,,,1.0,,2.3e+26,Ib/c average,real,,
IInavg,,,,,,1.15,,4.5000000000000005e+27,IIn average,real,,
IInavg,,,,,,1.89,,1.1000000000000002e+28,IIn average,real,,
IInavg,,,,,,3.139,,2.24e+28,IIn average,real,,
IInavg,,,,,,4.0,,3.5e+27,IIn average,real,,
IInavg,,,,,,10.5,,1.2000000000000001e+27,IIn average,real,,
GRB30,,,,,,0.01000400521,,2.5700000000000005e+27,grb30,real,,
GRB30,,,,,,0.01033174912,,3.01e+27,grb30,real,,
GRB30,,,,,,0.01067023286,,3.13e+27,grb30,real,,
GRB30,,,,,,0.01101980438,,3.68e+27,grb30,real,,
GRB30,,,,,,0.01138082707,,3.45e+27,grb30,real,,
GRB30,,,,,,0.01175367982,,4.0800000000000003e+27,grb30,real,,
GRB30,,,,,,0.01213874663,,3.98e+27,grb30,real,,
GRB30,,,,,,0.01253642959,,4.4800000000000005e+27,grb30,real,,
GRB30,,,,,,0.01294714107,,4.6200000000000006e+27,grb30,real,,
GRB30,,,,,,0.01337130633,,4.8200000000000004e+27,grb30,real,,
GRB30,,,,,,0.01380937125,,5.51e+27,grb30,real,,
GRB30,,,,,,0.0142617843,,5.360000000000001e+27,grb30,real,,
GRB30,,,,,,0.0147290197,,5.97e+27,grb30,real,,
GRB30,,,,,,0.01521156458,,5.9e+27,grb30,real,,
GRB30,,,,,,0.01570991636,,6.51e+27,grb30,real,,
GRB30,,,,,,0.01622459568,,6.520000000000001e+27,grb30,real,,
GRB30,,,,,,0.01675613603,,6.920000000000001e+27,grb30,real,,
GRB30,,,,,,0.01730509156,,7.39e+27,grb30,real,,
GRB30,,,,,,0.01787202928,,7.310000000000001e+27,grb30,real,,
GRB30,,,,,,0.01845754198,,7.590000000000001e+27,grb30,real,,
GRB30,,,,,,0.01906223792,,8.020000000000001e+27,grb30,real,,
GRB30,,,,,,0.01968674339,,8.570000000000001e+27,grb30,real,,
GRB30,,,,,,0.02033170788,,8.73e+27,grb30,real,,
GRB30,,,,,,0.0209978041,,9.360000000000001e+27,grb30,real,,
GRB30,,,,,,0.02168572018,,9.670000000000001e+27,grb30,real,,
GRB30,,,,,,0.02239617521,,9.750000000000001e+27,grb30,real,,
GRB30,,,,,,0.02312990631,,1.0300000000000001e+28,grb30,real,,
GRB30,,,,,,0.02388767381,,1.05e+28,grb30,real,,
GRB30,,,,,,0.02467026895,,1.09e+28,grb30,real,,
GRB30,,,,,,0.02547850101,,1.16e+28,grb30,real,,
GRB30,,,,,,0.02631319991,,1.2000000000000001e+28,grb30,real,,
GRB30,,,,,,0.02717527288,,1.1500000000000001e+28,grb30,real,,
GRB30,,,,,,0.02806556786,,1.23e+28,grb30,real,,
GRB30,,,,,,0.02898503847,,1.35e+28,grb30,real,,
GRB30,,,,,,0.02993463833,,1.28e+28,grb30,real,,
GRB30,,,,,,0.03091532107,,1.4e+28,grb30,real,,
GRB30,,,,,,0.03192816918,,1.36e+28,grb30,real,,
GRB30,,,,,,0.03297416204,,1.46e+28,grb30,real,,
GRB30,,,,,,0.03405445946,,1.5100000000000002e+28,grb30,real,,
GRB30,,,,,,0.03517011817,,1.5e+28,grb30,real,,
GRB30,,,,,,0.03632234951,,1.67e+28,grb30,real,,
GRB30,,,,,,0.0375123133,,1.67e+28,grb30,real,,
GRB30,,,,,,0.03874127244,,1.67e+28,grb30,real,,
GRB30,,,,,,0.04001048983,,1.79e+28,grb30,real,,
GRB30,,,,,,0.04132127991,,1.8800000000000001e+28,grb30,real,,
GRB30,,,,,,0.04267503447,,1.8800000000000001e+28,grb30,real,,
GRB30,,,,,,0.0440731195,,1.98e+28,grb30,real,,
GRB30,,,,,,0.04551702986,,1.98e+28,grb30,real,,
GRB30,,,,,,0.04700823464,,2.07e+28,grb30,real,,
GRB30,,,,,,0.04854828026,,2.22e+28,grb30,real,,
GRB30,,,,,,0.05013879045,,2.27e+28,grb30,real,,
GRB30,,,,,,0.05178141471,,2.29e+28,grb30,real,,
GRB30,,,,,,0.0534778541,,2.38e+28,grb30,real,,
GRB30,,,,,,0.05522986121,,2.4400000000000003e+28,grb30,real,,
GRB30,,,,,,0.05703926597,,2.55e+28,grb30,real,,
GRB30,,,,,,0.05890794984,,2.4500000000000002e+28,grb30,real,,
GRB30,,,,,,0.06083784585,,2.71e+28,grb30,real,,
GRB30,,,,,,0.06283099009,,2.68e+28,grb30,real,,
GRB30,,,,,,0.06488941868,,2.77e+28,grb30,real,,
GRB30,,,,,,0.06701529659,,2.9e+28,grb30,real,,
GRB30,,,,,,0.0692107888,,2.9300000000000003e+28,grb30,real,,
GRB30,,,,,,0.0714782407,,3.06e+28,grb30,real,,
GRB30,,,,,,0.07381997191,,3.06e+28,grb30,real,,
GRB30,,,,,,0.07623840513,,3.06e+28,grb30,real,,
GRB30,,,,,,0.07873609196,,3.3e+28,grb30,real,,
GRB30,,,,,,0.08131560974,,3.23e+28,grb30,real,,
GRB30,,,,,,0.08397961314,,3.3600000000000004e+28,grb30,real,,
GRB30,,,,,,0.08673091148,,3.4100000000000003e+28,grb30,real,,
GRB30,,,,,,0.08957233985,,3.48e+28,grb30,real,,
GRB30,,,,,,0.09250683643,,3.63e+28,grb30,real,,
GRB30,,,,,,0.09553749404,,3.6600000000000003e+28,grb30,real,,
GRB30,,,,,,0.09866743128,,3.78e+28,grb30,real,,
GRB30,,,,,,0.1018999214,,3.99e+28,grb30,real,,
GRB30,,,,,,0.1052383149,,4.0700000000000005e+28,grb30,real,,
GRB30,,,,,,0.1086860655,,4.16e+28,grb30,real,,
GRB30,,,,,,0.1122467815,,4.24e+28,grb30,real,,
GRB30,,,,,,0.1159241485,,4.2200000000000005e+28,grb30,real,,
GRB30,,,,,,0.119721981,,4.59e+28,grb30,real,,
GRB30,,,,,,0.1236442222,,4.43e+28,grb30,real,,
GRB30,,,,,,0.1276949961,,4.78e+28,grb30,real,,
GRB30,,,,,,0.131878452,,4.71e+28,grb30,real,,
GRB30,,,,,,0.1361989974,,5.01e+28,grb30,real,,
GRB30,,,,,,0.1406610652,,5.130000000000001e+28,grb30,real,,
GRB30,,,,,,0.1452693205,,5.27e+28,grb30,real,,
GRB30,,,,,,0.1500285313,,5.37e+28,grb30,real,,
GRB30,,,,,,0.154943672,,5.5300000000000005e+28,grb30,real,,
GRB30,,,,,,0.1600198456,,5.9600000000000006e+28,grb30,real,,
GRB30,,,,,,0.1652623359,,5.93e+28,grb30,real,,
GRB30,,,,,,0.1706765551,,6.340000000000001e+28,grb30,real,,
GRB30,,,,,,0.1762681478,,6.25e+28,grb30,real,,
GRB30,,,,,,0.1820429645,,6.65e+28,grb30,real,,
GRB30,,,,,,0.1880069331,,6.870000000000001e+28,grb30,real,,
GRB30,,,,,,0.1941663166,,6.88e+28,grb30,real,,
GRB30,,,,,,0.200527481,,7.700000000000001e+28,grb30,real,,
GRB30,,,,,,0.2070970244,,7.61e+28,grb30,real,,
GRB30,,,,,,0.2138818284,,7.71e+28,grb30,real,,
GRB30,,,,,,0.2208888774,,7.880000000000001e+28,grb30,real,,
GRB30,,,,,,0.2281255171,,8.240000000000001e+28,grb30,real,,
GRB30,,,,,,0.2355992216,,8.32e+28,grb30,real,,
GRB30,,,,,,0.2433178005,,8.640000000000001e+28,grb30,real,,
GRB30,,,,,,0.2512892176,,8.84e+28,grb30,real,,
GRB30,,,,,,0.2595219011,,9.150000000000001e+28,grb30,real,,
GRB30,,,,,,0.2680240725,,9.28e+28,grb30,real,,
GRB30,,,,,,0.2768048557,,9.39e+28,grb30,real,,
GRB30,,,,,,0.2858735293,,9.710000000000001e+28,grb30,real,,
GRB30,,,,,,0.2952391139,,9.79e+28,grb30,real,,
GRB30,,,,,,0.3049116612,,9.92e+28,grb30,real,,
GRB30,,,,,,0.3149009652,,1.01e+29,grb30,real,,
GRB30,,,,,,0.325217593,,1.01e+29,grb30,real,,
GRB30,,,,,,0.3358721118,,1.04e+29,grb30,real,,
GRB30,,,,,,0.3468756041,,1.04e+29,grb30,real,,
GRB30,,,,,,0.3582399258,,1.05e+29,grb30,real,,
GRB30,,,,,,0.3699761595,,1.06e+29,grb30,real,,
GRB30,,,,,,0.382097192,,1.07e+29,grb30,real,,
GRB30,,,,,,0.3946151368,,1.06e+29,grb30,real,,
GRB30,,,,,,0.4075433962,,1.08e+29,grb30,real,,
GRB30,,,,,,0.4208951146,,1.08e+29,grb30,real,,
GRB30,,,,,,0.4346842098,,1.06e+29,grb30,real,,
GRB30,,,,,,0.448925115,,1.06e+29,grb30,real,,
GRB30,,,,,,0.463632521,,1.06e+29,grb30,real,,
GRB30,,,,,,0.4788216343,,1.05e+29,grb30,real,,
GRB30,,,,,,0.4945086921,,1.04e+29,grb30,real,,
GRB30,,,,,,0.5107094164,,1.05e+29,grb30,real,,
GRB30,,,,,,0.5274410753,,1.05e+29,grb30,real,,
GRB30,,,,,,0.5447206794,,1.05e+29,grb30,real,,
GRB30,,,,,,0.5625665279,,1.06e+29,grb30,real,,
GRB30,,,,,,0.5809969201,,1.06e+29,grb30,real,,
GRB30,,,,,,0.600031186,,1.08e+29,grb30,real,,
GRB30,,,,,,0.6196891713,,1.09e+29,grb30,real,,
GRB30,,,,,,0.6399909793,,1.14e+29,grb30,real,,
GRB30,,,,,,0.660958002,,1.15e+29,grb30,real,,
GRB30,,,,,,0.6826118893,,1.23e+29,grb30,real,,
GRB30,,,,,,0.7049753218,,1.27e+29,grb30,real,,
GRB30,,,,,,0.728071238,,1.36e+29,grb30,real,,
GRB30,,,,,,0.751923865,,1.38e+29,grb30,real,,
GRB30,,,,,,0.7765579453,,1.48e+29,grb30,real,,
GRB30,,,,,,0.8019989948,,1.57e+29,grb30,real,,
GRB30,,,,,,0.828273818,,1.62e+29,grb30,real,,
GRB30,,,,,,0.8554092192,,1.73e+29,grb30,real,,
GRB30,,,,,,0.8834335494,,1.79e+29,grb30,real,,
GRB30,,,,,,0.9123759327,,1.89e+29,grb30,real,,
GRB30,,,,,,0.9422667818,,1.9500000000000002e+29,grb30,real,,
GRB30,,,,,,0.9731367672,,1.9900000000000002e+29,grb30,real,,
GRB30,,,,,,1.005018106,,2.07e+29,grb30,real,,
GRB30,,,,,,1.037943788,,2.0100000000000002e+29,grb30,real,,
GRB30,,,,,,1.07194835,,2.09e+29,grb30,real,,
GRB30,,,,,,1.107066844,,2.16e+29,grb30,real,,
GRB30,,,,,,1.143335868,,2.15e+29,grb30,real,,
GRB30,,,,,,1.180793309,,2.15e+29,grb30,real,,
GRB30,,,,,,1.219477828,,2.22e+29,grb30,real,,
GRB30,,,,,,1.259429632,,2.19e+29,grb30,real,,
GRB30,,,,,,1.300690215,,2.22e+29,grb30,real,,
GRB30,,,,,,1.34330262,,2.21e+29,grb30,real,,
GRB30,,,,,,1.387311177,,2.2e+29,grb30,real,,
GRB30,,,,,,1.432761505,,2.15e+29,grb30,real,,
GRB30,,,,,,1.479700769,,2.12e+29,grb30,real,,
GRB30,,,,,,1.528177683,,2.05e+29,grb30,real,,
GRB30,,,,,,1.578243019,,1.9900000000000002e+29,grb30,real,,
GRB30,,,,,,1.629948582,,1.9e+29,grb30,real,,
GRB30,,,,,,1.683347981,,1.82e+29,grb30,real,,
GRB30,,,,,,1.73849663,,1.71e+29,grb30,real,,
GRB30,,,,,,1.795452261,,1.63e+29,grb30,real,,
GRB30,,,,,,1.854273895,,1.5e+29,grb30,real,,
GRB30,,,,,,1.915022359,,1.41e+29,grb30,real,,
GRB30,,,,,,1.977761311,,1.3e+29,grb30,real,,
GRB30,,,,,,2.042555445,,1.2e+29,grb30,real,,
GRB30,,,,,,2.109472545,,1.11e+29,grb30,real,,
GRB30,,,,,,2.178581683,,1.01e+29,grb30,real,,
GRB30,,,,,,2.249955283,,9.19e+28,grb30,real,,
GRB30,,,,,,2.3236668,,8.33e+28,grb30,real,,
GRB30,,,,,,2.399793554,,7.61e+28,grb30,real,,
GRB30,,,,,,2.478414155,,6.870000000000001e+28,grb30,real,,
GRB30,,,,,,2.559610304,,6.17e+28,grb30,real,,
GRB30,,,,,,2.643467055,,5.64e+28,grb30,real,,
GRB30,,,,,,2.730071264,,5.1e+28,grb30,real,,
GRB30,,,,,,2.819510561,,4.58e+28,grb30,real,,
GRB30,,,,,,2.911882885,,4.14e+28,grb30,real,,
GRB30,,,,,,3.007281022,,3.77e+28,grb30,real,,
GRB30,,,,,,3.10580291,,3.39e+28,grb30,real,,
GRB30,,,,,,3.207554221,,3.09e+28,grb30,real,,
GRB30,,,,,,3.312638049,,2.8e+28,grb30,real,,
GRB30,,,,,,3.421162644,,2.55e+28,grb30,real,,
GRB30,,,,,,3.533246562,,2.33e+28,grb30,real,,
GRB30,,,,,,3.649000631,,2.12e+28,grb30,real,,
GRB30,,,,,,3.768545986,,1.94e+28,grb30,real,,
GRB30,,,,,,3.892008918,,1.7800000000000002e+28,grb30,real,,
GRB30,,,,,,4.019518293,,1.63e+28,grb30,real,,
GRB30,,,,,,4.151202979,,1.5100000000000002e+28,grb30,real,,
GRB30,,,,,,4.287202155,,1.38e+28,grb30,real,,
GRB30,,,,,,4.427654996,,1.28e+28,grb30,real,,
GRB30,,,,,,4.572710989,,1.18e+28,grb30,real,,
GRB30,,,,,,4.72251962,,1.1000000000000002e+28,grb30,real,,
GRB30,,,,,,4.877238109,,1.02e+28,grb30,real,,
GRB30,,,,,,5.037021096,,9.48e+27,grb30,real,,
GRB30,,,,,,5.202041263,,8.84e+27,grb30,real,,
GRB30,,,,,,5.372468717,,8.230000000000001e+27,grb30,real,,
GRB30,,,,,,5.548478718,,7.700000000000001e+27,grb30,real,,
GRB30,,,,,,5.730254256,,7.230000000000001e+27,grb30,real,,
GRB30,,,,,,5.917986057,,6.740000000000001e+27,grb30,real,,
GRB30,,,,,,6.111867421,,6.340000000000001e+27,grb30,real,,
GRB30,,,,,,6.312099383,,5.98e+27,grb30,real,,
GRB30,,,,,,6.518893285,,5.600000000000001e+27,grb30,real,,
GRB30,,,,,,6.73246047,,5.290000000000001e+27,grb30,real,,
GRB30,,,,,,6.953025168,,5.000000000000001e+27,grb30,real,,
GRB30,,,,,,7.180816763,,4.7100000000000005e+27,grb30,real,,
GRB30,,,,,,7.416069795,,4.4700000000000003e+27,grb30,real,,
GRB30,,,,,,7.659031689,,4.2300000000000006e+27,grb30,real,,
GRB30,,,,,,7.909952448,,4.0200000000000005e+27,grb30,real,,
GRB30,,,,,,8.169092385,,3.8100000000000005e+27,grb30,real,,
GRB30,,,,,,8.4367247,,3.64e+27,grb30,real,,
GRB30,,,,,,8.713122592,,3.45e+27,grb30,real,,
GRB30,,,,,,8.998577301,,3.3000000000000003e+27,grb30,real,,
GRB30,,,,,,9.293382647,,3.15e+27,grb30,real,,
GRB30,,,,,,9.59784791,,3.02e+27,grb30,real,,
GRB30,,,,,,9.912287529,,2.8900000000000004e+27,grb30,real,,
GRB30,,,,,,10.23702625,,2.7700000000000003e+27,grb30,real,,
GRB30,,,,,,10.57240686,,2.6600000000000004e+27,grb30,real,,
GRB30,,,,,,10.91877473,,2.56e+27,grb30,real,,
GRB30,,,,,,11.2764881,,2.4600000000000003e+27,grb30,real,,
GRB30,,,,,,11.64592069,,2.37e+27,grb30,real,,
GRB30,,,,,,12.02745912,,2.29e+27,grb30,real,,
GRB30,,,,,,12.42149512,,2.2000000000000001e+27,grb30,real,,
GRB30,,,,,,12.82844109,,2.13e+27,grb30,real,,
GRB30,,,,,,13.2487197,,2.06e+27,grb30,real,,
GRB30,,,,,,13.68276395,,1.99e+27,grb30,real,,
GRB30,,,,,,14.13103262,,1.9300000000000003e+27,grb30,real,,
GRB30,,,,,,14.59398446,,1.8700000000000002e+27,grb30,real,,
GRB30,,,,,,15.07210402,,1.82e+27,grb30,real,,
GRB30,,,,,,15.56588616,,1.7700000000000003e+27,grb30,real,,
GRB30,,,,,,16.07584634,,1.7200000000000002e+27,grb30,real,,
GRB30,,,,,,16.6025155,,1.68e+27,grb30,real,,
GRB30,,,,,,17.14643745,,1.6400000000000002e+27,grb30,real,,
GRB30,,,,,,17.70817665,,1.61e+27,grb30,real,,
GRB30,,,,,,18.2883233,,1.5800000000000001e+27,grb30,real,,
GRB30,,,,,,18.88747278,,1.5500000000000003e+27,grb30,real,,
GRB30,,,,,,19.50625395,,1.53e+27,grb30,real,,
GRB30,,,,,,20.145306,,1.51e+27,grb30,real,,
GRB30,,,,,,20.80529388,,1.5000000000000002e+27,grb30,real,,
GRB30,,,,,,21.48690576,,1.4800000000000002e+27,grb30,real,,
GRB30,,,,,,22.19084782,,1.4700000000000003e+27,grb30,real,,
GRB30,,,,,,22.91784946,,1.4700000000000003e+27,grb30,real,,
GRB30,,,,,,23.66867099,,1.4700000000000003e+27,grb30,real,,
GRB30,,,,,,24.44409077,,1.4700000000000003e+27,grb30,real,,
GRB30,,,,,,25.24491295,,1.4800000000000002e+27,grb30,real,,
GRB30,,,,,,26.07195969,,1.4900000000000002e+27,grb30,real,,
GRB30,,,,,,26.92612018,,1.4900000000000002e+27,grb30,real,,
GRB30,,,,,,27.80827073,,1.4900000000000002e+27,grb30,real,,
GRB30,,,,,,28.71931339,,1.5000000000000002e+27,grb30,real,,
GRB30,,,,,,29.66017603,,1.4900000000000002e+27,grb30,real,,
GRB30,,,,,,30.63188959,,1.4800000000000002e+27,grb30,real,,
GRB30,,,,,,31.63543345,,1.46e+27,grb30,real,,
GRB30,,,,,,32.67186433,,1.43e+27,grb30,real,,
GRB30,,,,,,33.74223895,,1.39e+27,grb30,real,,
GRB30,,,,,,34.84769134,,1.3500000000000001e+27,grb30,real,,
GRB30,,,,,,35.98932976,,1.31e+27,grb30,real,,
GRB30,,,,,,37.16839135,,1.2600000000000002e+27,grb30,real,,
GRB30,,,,,,38.38608745,,1.2100000000000001e+27,grb30,real,,
GRB30,,,,,,39.64368098,,1.1600000000000001e+27,grb30,real,,
GRB30,,,,,,40.9424606,,1.11e+27,grb30,real,,
GRB60,,,,,,0.1018999214,,7.059999999999999e+25,grb60,real,,
GRB60,,,,,,0.1052383149,,7.599999999999999e+25,grb60,real,,
GRB60,,,,,,0.1086860655,,8.1e+25,grb60,real,,
GRB60,,,,,,0.1122467815,,8.989999999999998e+25,grb60,real,,
GRB60,,,,,,0.1159241485,,9.389999999999999e+25,grb60,real,,
GRB60,,,,,,0.119721981,,1.0199999999999999e+26,grb60,real,,
GRB60,,,,,,0.1236442222,,1.09e+26,grb60,real,,
GRB60,,,,,,0.1276949961,,1.15e+26,grb60,real,,
GRB60,,,,,,0.131878452,,1.21e+26,grb60,real,,
GRB60,,,,,,0.1361989974,,1.31e+26,grb60,real,,
GRB60,,,,,,0.1406610652,,1.37e+26,grb60,real,,
GRB60,,,,,,0.1452693205,,1.47e+26,grb60,real,,
GRB60,,,,,,0.1500285313,,1.52e+26,grb60,real,,
GRB60,,,,,,0.154943672,,1.5999999999999998e+26,grb60,real,,
GRB60,,,,,,0.1600198456,,1.6699999999999998e+26,grb60,real,,
GRB60,,,,,,0.1652623359,,1.79e+26,grb60,real,,
GRB60,,,,,,0.1706765551,,1.85e+26,grb60,real,,
GRB60,,,,,,0.1762681478,,1.97e+26,grb60,real,,
GRB60,,,,,,0.1820429645,,2.02e+26,grb60,real,,
GRB60,,,,,,0.1880069331,,2.12e+26,grb60,real,,
GRB60,,,,,,0.1941663166,,2.24e+26,grb60,real,,
GRB60,,,,,,0.200527481,,2.35e+26,grb60,real,,
GRB60,,,,,,0.2070970244,,2.45e+26,grb60,real,,
GRB60,,,,,,0.2138818284,,2.59e+26,grb60,real,,
GRB60,,,,,,0.2208888774,,2.72e+26,grb60,real,,
GRB60,,,,,,0.2281255171,,2.84e+26,grb60,real,,
GRB60,,,,,,0.2355992216,,2.9499999999999998e+26,grb60,real,,
GRB60,,,,,,0.2433178005,,3.09e+26,grb60,real,,
GRB60,,,,,,0.2512892176,,3.26e+26,grb60,real,,
GRB60,,,,,,0.2595219011,,3.38e+26,grb60,real,,
GRB60,,,,,,0.2680240725,,3.49e+26,grb60,real,,
GRB60,,,,,,0.2768048557,,3.67e+26,grb60,real,,
GRB60,,,,,,0.2858735293,,3.83e+26,grb60,real,,
GRB60,,,,,,0.2952391139,,4.02e+26,grb60,real,,
GRB60,,,,,,0.3049116612,,4.17e+26,grb60,real,,
GRB60,,,,,,0.3149009652,,4.36e+26,grb60,real,,
GRB60,,,,,,0.325217593,,4.6e+26,grb60,real,,
GRB60,,,,,,0.3358721118,,4.8e+26,grb60,real,,
GRB60,,,,,,0.3468756041,,5.03e+26,grb60,real,,
GRB60,,,,,,0.3582399258,,5.28e+26,grb60,real,,
GRB60,,,,,,0.3699761595,,5.51e+26,grb60,real,,
GRB60,,,,,,0.382097192,,5.78e+26,grb60,real,,
GRB60,,,,,,0.3946151368,,6.05e+26,grb60,real,,
GRB60,,,,,,0.4075433962,,6.399999999999999e+26,grb60,real,,
GRB60,,,,,,0.4208951146,,6.71e+26,grb60,real,,
GRB60,,,,,,0.4346842098,,7.04e+26,grb60,real,,
GRB60,,,,,,0.448925115,,7.38e+26,grb60,real,,
GRB60,,,,,,0.463632521,,7.759999999999999e+26,grb60,real,,
GRB60,,,,,,0.4788216343,,8.14e+26,grb60,real,,
GRB60,,,,,,0.4945086921,,8.629999999999999e+26,grb60,real,,
GRB60,,,,,,0.5107094164,,8.92e+26,grb60,real,,
GRB60,,,,,,0.5274410753,,9.35e+26,grb60,real,,
GRB60,,,,,,0.5447206794,,9.81e+26,grb60,real,,
GRB60,,,,,,0.5625665279,,1.03e+27,grb60,real,,
GRB60,,,,,,0.5809969201,,1.0800000000000001e+27,grb60,real,,
GRB60,,,,,,0.600031186,,1.1200000000000001e+27,grb60,real,,
GRB60,,,,,,0.6196891713,,1.1700000000000001e+27,grb60,real,,
GRB60,,,,,,0.6399909793,,1.22e+27,grb60,real,,
GRB60,,,,,,0.660958002,,1.2700000000000002e+27,grb60,real,,
GRB60,,,,,,0.6826118893,,1.3200000000000002e+27,grb60,real,,
GRB60,,,,,,0.7049753218,,1.39e+27,grb60,real,,
GRB60,,,,,,0.728071238,,1.44e+27,grb60,real,,
GRB60,,,,,,0.751923865,,1.52e+27,grb60,real,,
GRB60,,,,,,0.7765579453,,1.6e+27,grb60,real,,
GRB60,,,,,,0.8019989948,,1.6600000000000001e+27,grb60,real,,
GRB60,,,,,,0.828273818,,1.74e+27,grb60,real,,
GRB60,,,,,,0.8554092192,,1.82e+27,grb60,real,,
GRB60,,,,,,0.8834335494,,1.8800000000000002e+27,grb60,real,,
GRB60,,,,,,0.9123759327,,1.97e+27,grb60,real,,
GRB60,,,,,,0.9422667818,,2.07e+27,grb60,real,,
GRB60,,,,,,0.9731367672,,2.1500000000000003e+27,grb60,real,,
GRB60,,,,,,1.005018106,,2.2700000000000002e+27,grb60,real,,
GRB60,,,,,,1.037943788,,2.37e+27,grb60,real,,
GRB60,,,,,,1.07194835,,2.5000000000000004e+27,grb60,real,,
GRB60,,,,,,1.107066844,,2.62e+27,grb60,real,,
GRB60,,,,,,1.143335868,,2.7300000000000005e+27,grb60,real,,
GRB60,,,,,,1.180793309,,2.8900000000000004e+27,grb60,real,,
GRB60,,,,,,1.219477828,,3.0300000000000005e+27,grb60,real,,
GRB60,,,,,,1.259429632,,3.18e+27,grb60,real,,
GRB60,,,,,,1.300690215,,3.34e+27,grb60,real,,
GRB60,,,,,,1.34330262,,3.5300000000000004e+27,grb60,real,,
GRB60,,,,,,1.387311177,,3.68e+27,grb60,real,,
GRB60,,,,,,1.432761505,,3.87e+27,grb60,real,,
GRB60,,,,,,1.479700769,,4.05e+27,grb60,real,,
GRB60,,,,,,1.528177683,,4.2200000000000004e+27,grb60,real,,
GRB60,,,,,,1.578243019,,4.4100000000000005e+27,grb60,real,,
GRB60,,,,,,1.629948582,,4.6300000000000003e+27,grb60,real,,
GRB60,,,,,,1.683347981,,4.7500000000000004e+27,grb60,real,,
GRB60,,,,,,1.73849663,,5.010000000000001e+27,grb60,real,,
GRB60,,,,,,1.795452261,,5.17e+27,grb60,real,,
GRB60,,,,,,1.854273895,,5.350000000000001e+27,grb60,real,,
GRB60,,,,,,1.915022359,,5.51e+27,grb60,real,,
GRB60,,,,,,1.977761311,,5.63e+27,grb60,real,,
GRB60,,,,,,2.042555445,,5.83e+27,grb60,real,,
GRB60,,,,,,2.109472545,,5.920000000000001e+27,grb60,real,,
GRB60,,,,,,2.178581683,,6.04e+27,grb60,real,,
GRB60,,,,,,2.249955283,,6.19e+27,grb60,real,,
GRB60,,,,,,2.3236668,,6.250000000000001e+27,grb60,real,,
GRB60,,,,,,2.399793554,,6.320000000000001e+27,grb60,real,,
GRB60,,,,,,2.478414155,,6.36e+27,grb60,real,,
GRB60,,,,,,2.559610304,,6.36e+27,grb60,real,,
GRB60,,,,,,2.643467055,,6.37e+27,grb60,real,,
GRB60,,,,,,2.730071264,,6.37e+27,grb60,real,,
GRB60,,,,,,2.819510561,,6.410000000000001e+27,grb60,real,,
GRB60,,,,,,2.911882885,,6.47e+27,grb60,real,,
GRB60,,,,,,3.007281022,,6.560000000000001e+27,grb60,real,,
GRB60,,,,,,3.10580291,,6.730000000000001e+27,grb60,real,,
GRB60,,,,,,3.207554221,,6.940000000000001e+27,grb60,real,,
GRB60,,,,,,3.312638049,,7.18e+27,grb60,real,,
GRB60,,,,,,3.421162644,,7.400000000000001e+27,grb60,real,,
GRB60,,,,,,3.533246562,,7.760000000000001e+27,grb60,real,,
GRB60,,,,,,3.649000631,,8.180000000000001e+27,grb60,real,,
GRB60,,,,,,3.768545986,,8.680000000000001e+27,grb60,real,,
GRB60,,,,,,3.892008918,,9.260000000000001e+27,grb60,real,,
GRB60,,,,,,4.019518293,,9.850000000000001e+27,grb60,real,,
GRB60,,,,,,4.151202979,,1.04e+28,grb60,real,,
GRB60,,,,,,4.287202155,,1.09e+28,grb60,real,,
GRB60,,,,,,4.427654996,,1.13e+28,grb60,real,,
GRB60,,,,,,4.572710989,,1.18e+28,grb60,real,,
GRB60,,,,,,4.72251962,,1.2200000000000002e+28,grb60,real,,
GRB60,,,,,,4.877238109,,1.26e+28,grb60,real,,
GRB60,,,,,,5.037021096,,1.3e+28,grb60,real,,
GRB60,,,,,,5.202041263,,1.34e+28,grb60,real,,
GRB60,,,,,,5.372468717,,1.38e+28,grb60,real,,
GRB60,,,,,,5.548478718,,1.41e+28,grb60,real,,
GRB60,,,,,,5.730254256,,1.4400000000000002e+28,grb60,real,,
GRB60,,,,,,5.917986057,,1.47e+28,grb60,real,,
GRB60,,,,,,6.111867421,,1.48e+28,grb60,real,,
GRB60,,,,,,6.312099383,,1.4900000000000001e+28,grb60,real,,
GRB60,,,,,,6.518893285,,1.48e+28,grb60,real,,
GRB60,,,,,,6.73246047,,1.47e+28,grb60,real,,
GRB60,,,,,,6.953025168,,1.43e+28,grb60,real,,
GRB60,,,,,,7.180816763,,1.3900000000000002e+28,grb60,real,,
GRB60,,,,,,7.416069795,,1.35e+28,grb60,real,,
GRB60,,,,,,7.659031689,,1.28e+28,grb60,real,,
GRB60,,,,,,7.909952448,,1.2200000000000002e+28,grb60,real,,
GRB60,,,,,,8.169092385,,1.14e+28,grb60,real,,
GRB60,,,,,,8.4367247,,1.07e+28,grb60,real,,
GRB60,,,,,,8.713122592,,1e+28,grb60,real,,
GRB60,,,,,,8.998577301,,9.3e+27,grb60,real,,
GRB60,,,,,,9.293382647,,8.610000000000001e+27,grb60,real,,
GRB60,,,,,,9.59784791,,7.970000000000001e+27,grb60,real,,
GRB60,,,,,,9.912287529,,7.370000000000001e+27,grb60,real,,
GRB60,,,,,,10.23702625,,6.79e+27,grb60,real,,
GRB60,,,,,,10.57240686,,6.29e+27,grb60,real,,
GRB60,,,,,,10.91877473,,5.83e+27,grb60,real,,
GRB60,,,,,,11.2764881,,5.42e+27,grb60,real,,
GRB60,,,,,,11.64592069,,5.040000000000001e+27,grb60,real,,
GRB60,,,,,,12.02745912,,4.7100000000000005e+27,grb60,real,,
GRB60,,,,,,12.42149512,,4.42e+27,grb60,real,,
GRB60,,,,,,12.82844109,,4.1500000000000003e+27,grb60,real,,
GRB60,,,,,,13.2487197,,3.91e+27,grb60,real,,
GRB60,,,,,,13.68276395,,3.71e+27,grb60,real,,
GRB60,,,,,,14.13103262,,3.5300000000000004e+27,grb60,real,,
GRB60,,,,,,14.59398446,,3.36e+27,grb60,real,,
GRB60,,,,,,15.07210402,,3.22e+27,grb60,real,,
GRB60,,,,,,15.56588616,,3.1000000000000005e+27,grb60,real,,
GRB60,,,,,,16.07584634,,2.99e+27,grb60,real,,
GRB60,,,,,,16.6025155,,2.9e+27,grb60,real,,
GRB60,,,,,,17.14643745,,2.81e+27,grb60,real,,
GRB60,,,,,,17.70817665,,2.74e+27,grb60,real,,
GRB60,,,,,,18.2883233,,2.69e+27,grb60,real,,
GRB60,,,,,,18.88747278,,2.6400000000000005e+27,grb60,real,,
GRB60,,,,,,19.50625395,,2.6e+27,grb60,real,,
GRB60,,,,,,20.145306,,2.5700000000000005e+27,grb60,real,,
GRB60,,,,,,20.80529388,,2.5400000000000003e+27,grb60,real,,
GRB60,,,,,,21.48690576,,2.51e+27,grb60,real,,
GRB60,,,,,,22.19084782,,2.48e+27,grb60,real,,
GRB60,,,,,,22.91784946,,2.44e+27,grb60,real,,
GRB60,,,,,,23.66867099,,2.3900000000000003e+27,grb60,real,,
GRB60,,,,,,24.44409077,,2.3300000000000002e+27,grb60,real,,
GRB60,,,,,,25.24491295,,2.2600000000000002e+27,grb60,real,,
GRB60,,,,,,26.07195969,,2.1900000000000002e+27,grb60,real,,
GRB60,,,,,,26.92612018,,2.1100000000000002e+27,grb60,real,,
GRB60,,,,,,27.80827073,,2.0200000000000002e+27,grb60,real,,
GRB60,,,,,,28.71931339,,1.9300000000000003e+27,grb60,real,,
GRB60,,,,,,29.66017603,,1.84e+27,grb60,real,,
GRB60,,,,,,30.63188959,,1.75e+27,grb60,real,,
GRB60,,,,,,31.63543345,,1.6600000000000001e+27,grb60,real,,
GRB60,,,,,,32.67186433,,1.5700000000000002e+27,grb60,real,,
GRB60,,,,,,33.74223895,,1.4900000000000002e+27,grb60,real,,
GRB60,,,,,,34.84769134,,1.4100000000000002e+27,grb60,real,,
GRB60,,,,,,35.98932976,,1.3400000000000002e+27,grb60,real,,
GRB60,,,,,,37.16839135,,1.2700000000000002e+27,grb60,real,,
GRB60,,,,,,38.38608745,,1.2000000000000001e+27,grb60,real,,
GRB60,,,,,,39.64368098,,1.14e+27,grb60,real,,
GRB60,,,,,,40.9424606,,1.0800000000000001e+27,grb60,real,,
GRB90,,,,,,0.463632521,,3.9999999999999995e+25,grb90,real,,
GRB90,,,,,,0.4788216343,,4.2499999999999995e+25,grb90,real,,
GRB90,,,,,,0.4945086921,,4.5199999999999995e+25,grb90,real,,
GRB90,,,,,,0.5107094164,,4.8e+25,grb90,real,,
GRB90,,,,,,0.5274410753,,5.11e+25,grb90,real,,
GRB90,,,,,,0.5447206794,,5.399999999999999e+25,grb90,real,,
GRB90,,,,,,0.5625665279,,5.749999999999999e+25,grb90,real,,
GRB90,,,,,,0.5809969201,,6.079999999999999e+25,grb90,real,,
GRB90,,,,,,0.600031186,,6.459999999999999e+25,grb90,real,,
GRB90,,,,,,0.6196891713,,6.849999999999999e+25,grb90,real,,
GRB90,,,,,,0.6399909793,,7.2399999999999995e+25,grb90,real,,
GRB90,,,,,,0.660958002,,7.67e+25,grb90,real,,
GRB90,,,,,,0.6826118893,,8.14e+25,grb90,real,,
GRB90,,,,,,0.7049753218,,8.6e+25,grb90,real,,
GRB90,,,,,,0.728071238,,9.09e+25,grb90,real,,
GRB90,,,,,,0.751923865,,9.619999999999999e+25,grb90,real,,
GRB90,,,,,,0.7765579453,,1.0199999999999999e+26,grb90,real,,
GRB90,,,,,,0.8019989948,,1.0699999999999999e+26,grb90,real,,
GRB90,,,,,,0.828273818,,1.14e+26,grb90,real,,
GRB90,,,,,,0.8554092192,,1.2e+26,grb90,real,,
GRB90,,,,,,0.8834335494,,1.27e+26,grb90,real,,
GRB90,,,,,,0.9123759327,,1.35e+26,grb90,real,,
GRB90,,,,,,0.9422667818,,1.42e+26,grb90,real,,
GRB90,,,,,,0.9731367672,,1.51e+26,grb90,real,,
GRB90,,,,,,1.005018106,,1.5999999999999998e+26,grb90,real,,
GRB90,,,,,,1.037943788,,1.68e+26,grb90,real,,
GRB90,,,,,,1.07194835,,1.79e+26,grb90,real,,
GRB90,,,,,,1.107066844,,1.9e+26,grb90,real,,
GRB90,,,,,,1.143335868,,2.01e+26,grb90,real,,
GRB90,,,,,,1.180793309,,2.13e+26,grb90,real,,
GRB90,,,,,,1.219477828,,2.26e+26,grb90,real,,
GRB90,,,,,,1.259429632,,2.39e+26,grb90,real,,
GRB90,,,,,,1.300690215,,2.53e+26,grb90,real,,
GRB90,,,,,,1.34330262,,2.69e+26,grb90,real,,
GRB90,,,,,,1.387311177,,2.8499999999999998e+26,grb90,real,,
GRB90,,,,,,1.432761505,,3.01e+26,grb90,real,,
GRB90,,,,,,1.479700769,,3.1999999999999996e+26,grb90,real,,
GRB90,,,,,,1.528177683,,3.38e+26,grb90,real,,
GRB90,,,,,,1.578243019,,3.58e+26,grb90,real,,
GRB90,,,,,,1.629948582,,3.77e+26,grb90,real,,
GRB90,,,,,,1.683347981,,3.98e+26,grb90,real,,
GRB90,,,,,,1.73849663,,4.22e+26,grb90,real,,
GRB90,,,,,,1.795452261,,4.46e+26,grb90,real,,
GRB90,,,,,,1.854273895,,4.72e+26,grb90,real,,
GRB90,,,,,,1.915022359,,4.99e+26,grb90,real,,
GRB90,,,,,,1.977761311,,5.27e+26,grb90,real,,
GRB90,,,,,,2.042555445,,5.57e+26,grb90,real,,
GRB90,,,,,,2.109472545,,5.88e+26,grb90,real,,
GRB90,,,,,,2.178581683,,6.2e+26,grb90,real,,
GRB90,,,,,,2.249955283,,6.58e+26,grb90,real,,
GRB90,,,,,,2.3236668,,6.93e+26,grb90,real,,
GRB90,,,,,,2.399793554,,7.31e+26,grb90,real,,
GRB90,,,,,,2.478414155,,7.75e+26,grb90,real,,
GRB90,,,,,,2.559610304,,8.17e+26,grb90,real,,
GRB90,,,,,,2.643467055,,8.61e+26,grb90,real,,
GRB90,,,,,,2.730071264,,9.13e+26,grb90,real,,
GRB90,,,,,,2.819510561,,9.639999999999999e+26,grb90,real,,
GRB90,,,,,,2.911882885,,1.0100000000000001e+27,grb90,real,,
GRB90,,,,,,3.007281022,,1.07e+27,grb90,real,,
GRB90,,,,,,3.10580291,,1.1300000000000001e+27,grb90,real,,
GRB90,,,,,,3.207554221,,1.1900000000000002e+27,grb90,real,,
GRB90,,,,,,3.312638049,,1.2600000000000002e+27,grb90,real,,
GRB90,,,,,,3.421162644,,1.3300000000000002e+27,grb90,real,,
GRB90,,,,,,3.533246562,,1.4100000000000002e+27,grb90,real,,
GRB90,,,,,,3.649000631,,1.5000000000000002e+27,grb90,real,,
GRB90,,,,,,3.768545986,,1.5800000000000001e+27,grb90,real,,
GRB90,,,,,,3.892008918,,1.67e+27,grb90,real,,
GRB90,,,,,,4.019518293,,1.7700000000000003e+27,grb90,real,,
GRB90,,,,,,4.151202979,,1.8500000000000003e+27,grb90,real,,
GRB90,,,,,,4.287202155,,1.9400000000000002e+27,grb90,real,,
GRB90,,,,,,4.427654996,,2.06e+27,grb90,real,,
GRB90,,,,,,4.572710989,,2.13e+27,grb90,real,,
GRB90,,,,,,4.72251962,,2.22e+27,grb90,real,,
GRB90,,,,,,4.877238109,,2.3300000000000002e+27,grb90,real,,
GRB90,,,,,,5.037021096,,2.3900000000000003e+27,grb90,real,,
GRB90,,,,,,5.202041263,,2.4700000000000003e+27,grb90,real,,
GRB90,,,,,,5.372468717,,2.56e+27,grb90,real,,
GRB90,,,,,,5.548478718,,2.6100000000000003e+27,grb90,real,,
GRB90,,,,,,5.730254256,,2.65e+27,grb90,real,,
GRB90,,,,,,5.917986057,,2.7300000000000005e+27,grb90,real,,
GRB90,,,,,,6.111867421,,2.7500000000000004e+27,grb90,real,,
GRB90,,,,,,6.312099383,,2.78e+27,grb90,real,,
GRB90,,,,,,6.518893285,,2.85e+27,grb90,real,,
GRB90,,,,,,6.73246047,,2.86e+27,grb90,real,,
GRB90,,,,,,6.953025168,,2.9100000000000004e+27,grb90,real,,
GRB90,,,,,,7.180816763,,3.0000000000000003e+27,grb90,real,,
GRB90,,,,,,7.416069795,,3.0500000000000004e+27,grb90,real,,
GRB90,,,,,,7.659031689,,3.13e+27,grb90,real,,
GRB90,,,,,,7.909952448,,3.27e+27,grb90,real,,
GRB90,,,,,,8.169092385,,3.36e+27,grb90,real,,
GRB90,,,,,,8.4367247,,3.52e+27,grb90,real,,
GRB90,,,,,,8.713122592,,3.7200000000000005e+27,grb90,real,,
GRB90,,,,,,8.998577301,,3.87e+27,grb90,real,,
GRB90,,,,,,9.293382647,,4.05e+27,grb90,real,,
GRB90,,,,,,9.59784791,,4.2700000000000005e+27,grb90,real,,
GRB90,,,,,,9.912287529,,4.4100000000000005e+27,grb90,real,,
GRB90,,,,,,10.23702625,,4.6000000000000007e+27,grb90,real,,
GRB90,,,,,,10.57240686,,4.8400000000000004e+27,grb90,real,,
GRB90,,,,,,10.91877473,,5.000000000000001e+27,grb90,real,,
GRB90,,,,,,11.2764881,,5.210000000000001e+27,grb90,real,,
GRB90,,,,,,11.64592069,,5.460000000000001e+27,grb90,real,,
GRB90,,,,,,12.02745912,,5.640000000000001e+27,grb90,real,,
GRB90,,,,,,12.42149512,,5.860000000000001e+27,grb90,real,,
GRB90,,,,,,12.82844109,,6.100000000000001e+27,grb90,real,,
GRB90,,,,,,13.2487197,,6.22e+27,grb90,real,,
GRB90,,,,,,13.68276395,,6.350000000000001e+27,grb90,real,,
GRB90,,,,,,14.13103262,,6.460000000000001e+27,grb90,real,,
GRB90,,,,,,14.59398446,,6.44e+27,grb90,real,,
GRB90,,,,,,15.07210402,,6.4e+27,grb90,real,,
GRB90,,,,,,15.56588616,,6.36e+27,grb90,real,,
GRB90,,,,,,16.07584634,,6.140000000000001e+27,grb90,real,,
GRB90,,,,,,16.6025155,,5.950000000000001e+27,grb90,real,,
GRB90,,,,,,17.14643745,,5.750000000000001e+27,grb90,real,,
GRB90,,,,,,17.70817665,,5.42e+27,grb90,real,,
GRB90,,,,,,18.2883233,,5.13e+27,grb90,real,,
GRB90,,,,,,18.88747278,,4.8700000000000005e+27,grb90,real,,
GRB90,,,,,,19.50625395,,4.5200000000000004e+27,grb90,real,,
GRB90,,,,,,20.145306,,4.2300000000000006e+27,grb90,real,,
GRB90,,,,,,20.80529388,,3.9900000000000004e+27,grb90,real,,
GRB90,,,,,,21.48690576,,3.6700000000000004e+27,grb90,real,,
GRB90,,,,,,22.19084782,,3.43e+27,grb90,real,,
GRB90,,,,,,22.91784946,,3.2400000000000006e+27,grb90,real,,
GRB90,,,,,,23.66867099,,2.97e+27,grb90,real,,
GRB90,,,,,,24.44409077,,2.79e+27,grb90,real,,
GRB90,,,,,,25.24491295,,2.6400000000000005e+27,grb90,real,,
GRB90,,,,,,26.07195969,,2.4200000000000002e+27,grb90,real,,
GRB90,,,,,,26.92612018,,2.28e+27,grb90,real,,
GRB90,,,,,,27.80827073,,2.1700000000000002e+27,grb90,real,,
GRB90,,,,,,28.71931339,,1.99e+27,grb90,real,,
GRB90,,,,,,29.66017603,,1.8900000000000001e+27,grb90,real,,
GRB90,,,,,,30.63188959,,1.8000000000000002e+27,grb90,real,,
GRB90,,,,,,31.63543345,,1.6600000000000001e+27,grb90,real,,
GRB90,,,,,,32.67186433,,1.5800000000000001e+27,grb90,real,,
GRB90,,,,,,33.74223895,,1.51e+27,grb90,real,,
GRB90,,,,,,34.84769134,,1.4000000000000002e+27,grb90,real,,
GRB90,,,,,,35.98932976,,1.3300000000000002e+27,grb90,real,,
GRB90,,,,,,37.16839135,,1.2700000000000002e+27,grb90,real,,
GRB90,,,,,,38.38608745,,1.1900000000000002e+27,grb90,real,,
GRB90,,,,,,39.64368098,,1.1300000000000001e+27,grb90,real,,
GRB90,,,,,,40.9424606,,1.0800000000000001e+27,grb90,real,,
