SN,mjd obs,flux (mJy),mjd exp date,dt (days),dt (years),redshift,Luminosity,classification,status
SN1986J,55813,1.76,46663,9150,25.06849315,0.001763,1.28848110086407000E+26,archival_none,real
SN1986J,55822,1.79,46663,9159,25.09315068,0.001763,1.31044384690152000E+26,archival_none,real
SN1986J,56027,1.82,46663,9364,25.65479452,0.001763,1.33240659293898000E+26,archival_none,real
SN1986J,56952,1.62,46663,10289,28.1890411,0.001763,1.18598828602261000E+26,VLASS_none,real
SN2003bg,52715,2.75,52695,20,0.05479452055,0.004403,1.26078386479751000E+27,archival_poor,real
SN2003bg,52727,8.87,52695,32,0.08767123288,0.004403,4.06660104754688000E+27,archival_poor,real
SN2003bg,52740,14.88,52695,45,0.1232876712,0.004403,6.82198687570436000E+27,archival_poor,real
SN2003bg,52750,22.37,52695,55,0.1506849315,0.004403,1.02559036565528000E+28,archival_poor,real
SN2003bg,52755,24.62,52695,60,0.1643835616,0.004403,1.12874540913871000E+28,archival_poor,real
SN2003bg,52765,28.85,52695,70,0.1917808219,0.004403,1.32267689088757000E+28,archival_poor,real
SN2003bg,52777,31.14,52695,82,0.2246575342,0.004403,1.42766580181071000E+28,archival_poor,real
SN2003bg,52783,32.42,52695,88,0.2410958904,0.004403,1.48634955988128000E+28,archival_poor,real
SN2003bg,52807,39.07,52695,112,0.3068493151,0.004403,1.79123002173232000E+28,archival_poor,real
SN2003bg,52820,47.37,52695,125,0.3424657534,0.004403,2.17175751547120000E+28,archival_poor,real
SN2003bg,52824,48.81,52695,129,0.3534246575,0.004403,2.23777674330060000E+28,archival_poor,real
SN2003bg,52834,52.69,52695,139,0.3808219178,0.004403,2.41566188495203000E+28,archival_poor,real
SN2003bg,52849,52.81,52695,154,0.4219178082,0.004403,2.42116348727115000E+28,archival_poor,real
SN2003bg,52853,50.84,52695,158,0.4328767123,0.004403,2.33084551586565000E+28,archival_poor,real
SN2003bg,52873,45.19,52695,178,0.4876712329,0.004403,2.07181174000725000E+28,archival_poor,real
SN2003bg,52893,40.1,52695,198,0.5424657534,0.004403,1.83845210830473000E+28,archival_poor,real
SN2003bg,52906,39.65,52695,211,0.5780821918,0.004403,1.81782109960805000E+28,archival_poor,real
SN2003bg,52919,36.45,52695,224,0.6136986301,0.004403,1.67111170443161000E+28,archival_poor,real
SN2003bg,52934,36.53,52695,239,0.6547945205,0.004403,1.67477943931102000E+28,archival_poor,real
SN2003bg,52947,34.56,52695,252,0.6904109589,0.004403,1.58446146790552000E+28,archival_poor,real
SN2003bg,52958,33.87,52695,263,0.7205479452,0.004403,1.55282725457061000E+28,archival_poor,real
SN2003bg,52977,33.12,52695,282,0.7726027397,0.004403,1.51844224007613000E+28,archival_poor,real
SN2003bg,52992,33.19,52695,297,0.8136986301,0.004403,1.52165150809561000E+28,archival_poor,real
SN2003bg,53018,32.9,52695,323,0.8849315068,0.004403,1.50835596915775000E+28,archival_poor,real
SN2003bg,53029,31.66,52695,334,0.9150684932,0.004403,1.45150607852688000E+28,archival_poor,real
SN2003bg,53043,30.9,52695,348,0.9534246575,0.004403,1.41666259717247000E+28,archival_poor,real
SN2003bg,53060,28.73,52695,365,1,0.004403,1.31717528856845000E+28,archival_poor,real
SN2003bg,53102,23.88,52695,407,1.115068493,0.004403,1.09481886150416000E+28,archival_poor,real
SN2003bg,53116,22.96,52695,421,1.153424658,0.004403,1.05263991039094000E+28,archival_poor,real
SN2003bg,53125,20.98,52695,430,1.178082192,0.004403,9.61863472125521000E+27,archival_poor,real
SN2003bg,53185,16.2,52695,490,1.342465753,0.004403,7.42716313080717000E+27,archival_poor,real
SN2003bg,53225,14.6,52695,530,1.452054795,0.004403,6.69361615492498000E+27,archival_poor,real
SN2003bg,53338,10.82,52695,643,1.761643836,0.004403,4.96061142440330000E+27,archival_poor,real
SN2003bg,53394,10.21,52695,699,1.915068493,0.004403,4.68094663984822000E+27,archival_poor,real
SN2003bg,53471,8.49,52695,776,2.126027397,0.004403,3.89238364077486000E+27,archival_poor,real
SN2003bg,53512,7.56,52695,817,2.238356164,0.004403,3.46600946104334000E+27,archival_poor,real
SN2003bg,53594,8.23,52695,899,2.463013699,0.004403,3.77318225719401000E+27,archival_poor,real
SN2003bg,53670,7.83,52695,975,2.671232877,0.004403,3.58979551322346000E+27,archival_poor,real
SN2004c,53029.41,0.556,53016,13.41,0.03673972603,0.0057,4.28047750100660000E+26,archival_poor,real
SN2004c,53041.36,0.938,53016,25.36,0.06947945205,0.0057,7.22138110781330000E+26,archival_poor,real
SN2004c,53081.15,2.326,53016,65.15,0.1784931507,0.0057,1.79071774592470000E+27,archival_poor,real
SN2004c,53088.21,3.101,53016,72.21,0.1978356164,0.0057,2.38736703788156000E+27,archival_poor,real
SN2004c,53101.07,3.952,53016,85.07,0.2330684932,0.0057,3.04252645395289000E+27,archival_poor,real
SN2004c,53107.14,3.678,53016,91.14,0.2496986301,0.0057,2.83158205911911000E+27,archival_poor,real
SN2004c,53113.08,3.387,53016,97.08,0.2659726027,0.0057,2.60754987336499000E+27,archival_poor,real
SN2004c,53127.14,4.473,53016,111.14,0.3044931507,0.0057,3.44362875215873000E+27,archival_poor,real
SN2004c,53137.18,4.927,53016,121.18,0.332,0.0057,3.79314975673732000E+27,archival_poor,real
SN2004c,53165.98,5.574,53016,149.98,0.4109041096,0.0057,4.29125568176453000E+27,archival_poor,real
SN2004c,53183.08,8.097,53016,167.08,0.4577534247,0.0057,6.23363782835440000E+27,archival_poor,real
SN2004c,53211.98,7.808,53016,195.98,0.5369315068,0.0057,6.01114538270855000E+27,archival_poor,real
SN2004c,53228.97,6.505,53016,212.97,0.5834794521,0.0057,5.00800470216690000E+27,archival_poor,real
SN2004c,53271.84,8.873,53016,255.84,0.7009315068,0.0057,6.83105699036539000E+27,archival_poor,real
SN2004c,53291.59,9.423,53016,275.59,0.7550410959,0.0057,7.25448552014123000E+27,archival_poor,real
SN2004c,53330.67,7.796,53016,314.67,0.862109589,0.0057,6.00190694205890000E+27,archival_poor,real
SN2004c,53402.27,8.267,53016,386.27,1.058273973,0.0057,6.36451573755784000E+27,archival_poor,real
SN2004c,53511.47,8.62,53016,495.47,1.357452055,0.0057,6.63627986666851000E+27,archival_poor,real
SN2004c,53603.94,7.271,53016,587.94,1.610794521,0.0057,5.59772516363651000E+27,archival_poor,real
SN2004c,53689.6,5.355,53016,673.6,1.845479452,0.0057,4.12265413990834000E+27,archival_poor,real
SN2004c,53801.41,5.437,53016,785.41,2.151808219,0.0057,4.18578348434764000E+27,archival_poor,real
SN2004c,54248.1,1.586,53016,1232.1,3.375616438,0.0057,1.22101390586267000E+27,archival_poor,real
SN2004c,54366.74,1.751,53016,1350.74,3.700657534,0.0057,1.34804246479542000E+27,archival_poor,real
SN2004c,54926.22,1.424,53016,1910.22,5.233479452,0.0057,1.09629495709233000E+27,archival_poor,real
SN2004c,55781.65,0.546,53016,2765.65,7.577123288,0.0057,4.20349049559281000E+26,archival_poor,real
SN2004dk,53228,0.87,53218,10,0.02739726027,0.0052,5.57010550264727000E+26,archival_poor,real
SN2004dk,53230,1.09,53218,12,0.03287671233,0.0052,6.97863792860406000E+26,archival_poor,real
SN2004dk,53235,0.95,53218,17,0.04657534247,0.0052,6.08229911208610000E+26,archival_poor,real
SN2004dk,53250,1.8,53218,32,0.08767123288,0.0052,1.15243562123736000E+27,archival_poor,real
SN2004dk,53258,1.06,53218,40,0.1095890411,0.0052,6.78656532506449000E+26,archival_poor,real
SN2004dk,53266,0.86,53218,48,0.1315068493,0.0052,5.50608130146742000E+26,archival_poor,real
SN2004dk,53282,0.46,53218,64,0.1753424658,0.0052,2.94511325427327000E+26,archival_poor,real
SN2004dk,53295,0.56,53218,77,0.2109589041,0.0052,3.58535526607181000E+26,archival_poor,real
SN2004dk,53413,0.26,53218,195,0.5342465753,0.0052,1.66462923067619000E+26,archival_poor,real
SN2004dk,54874,0.22,53218,1656,4.536986301,0.0052,1.40853242595678000E+26,archival_poor,real
SN2004dk,54886,0.21,53218,1668,4.569863014,0.0052,1.34450822477692000E+26,archival_poor,real
SN2004dk,54923,0.34,53218,1705,4.671232877,0.0052,2.17682284011502000E+26,archival_poor,real
SN2004dk,54940,0.21,53218,1722,4.717808219,0.0052,1.34450822477692000E+26,archival_poor,real
SN2004dk,55093,0.28,53218,1875,5.136986301,0.0052,1.79267763303590000E+26,archival_poor,real
PTF11qcj,55880.538,0.421,55866,14.538,0.03983013699,0.028,8.08625189934646000E+27,archival_poor,real
PTF11qcj,55887.508,0.619,55866,21.508,0.0589260274,0.028,1.18892872344310000E+28,archival_poor,real
PTF11qcj,55892.67,0.936,55866,26.67,0.07306849315,0.028,1.79779852203997000E+28,archival_poor,real
PTF11qcj,55894.635,1.46,55866,28.635,0.07845205479,0.028,2.80425837839568000E+28,archival_poor,real
PTF11qcj,55897.511,1.566,55866,31.511,0.08633150685,0.028,3.00785521956688000E+28,archival_poor,real
PTF11qcj,55902.518,2.6,55866,36.518,0.1000493151,0.028,4.99388478344437000E+28,archival_poor,real
PTF11qcj,55910.476,2.24,55866,44.476,0.1218520548,0.028,4.30242381342900000E+28,archival_poor,real
PTF11qcj,55916.558,2.31,55866,50.558,0.1385150685,0.028,4.43687455759865000E+28,archival_poor,real
PTF11qcj,55926.572,2.09,55866,60.572,0.1659506849,0.028,4.01431507592259000E+28,archival_poor,real
PTF11qcj,55927.555,2.51,55866,61.555,0.1686438356,0.028,4.82101954094053000E+28,archival_poor,real
PTF11qcj,55949.598,3.86,55866,83.598,0.2290356164,0.028,7.41399817849818000E+28,archival_poor,real
PTF11qcj,55950.363,2.03,55866,84.363,0.2311315068,0.028,3.89907158092003000E+28,archival_poor,real
PTF11qcj,55967.439,3.04,55866,101.439,0.2779150685,0.028,5.83900374679649000E+28,archival_poor,real
PTF11qcj,55987.428,2.51,55866,121.428,0.3326794521,0.028,4.82101954094053000E+28,archival_poor,real
PTF11qcj,55988.283,3.47,55866,122.283,0.3350219178,0.028,6.66491546098153000E+28,archival_poor,real
PTF11qcj,55997.46,2.47,55866,131.46,0.3601643836,0.028,4.74419054427215000E+28,archival_poor,real
PTF11qcj,56011.553,3.03,55866,145.553,0.3987753425,0.028,5.81979649762940000E+28,archival_poor,real
PTF11qcj,56027.091,2.34,55866,161.091,0.4413452055,0.028,4.49449630509993000E+28,archival_poor,real
PTF11qcj,56035.092,2.67,55866,169.092,0.4632657534,0.028,5.12833552761403000E+28,archival_poor,real
PTF11qcj,56044.421,3.05,55866,178.421,0.4888246575,0.028,5.85821099596359000E+28,archival_poor,real
PTF11qcj,56057.428,2.73,55866,191.428,0.524460274,0.028,5.24357902261659000E+28,archival_poor,real
PTF11qcj,56101.224,3.2,55866,235.224,0.6444493151,0.028,6.14631973347000000E+28,archival_poor,real
PTF11qcj,56155.076,1.697,55866,289.076,0.7919890411,0.028,3.25947018365580000E+28,archival_poor,real
PTF11qcj,56223.561,2.23,55866,357.561,0.9796191781,0.028,4.28321656426190000E+28,archival_poor,real
PTF11qcj,56429.038,5.77,55866,563.038,1.542569863,0.028,1.10825827694130000E+29,archival_poor,real
PTF11qcj,56809.993,7.55,55866,943.993,2.586282192,0.028,1.45014731211557000E+29,archival_poor,real
PTF11qcj,56948.91,9,55866,1082.91,2.966876712,0.028,1.72865242503843000E+29,archival_poor,real
PTF11qcj,57006.658,8.71,55866,1140.658,3.125090411,0.028,1.67295140245386000E+29,archival_poor,real
PTF11qcj,57046.262,9.25,55866,1180.262,3.233594521,0.028,1.77667054795617000E+29,archival_poor,real
PTF11qcj,57354.492,9.54,55866,1488.492,4.078060274,0.028,1.83237157054074000E+29,archival_poor,real
PTF11qcj,57729.458,9.46,55866,1863.458,5.105364384,0.028,1.81700577120706000E+29,archival_poor,real
SN2012au,56006.2,4.596,56000,6.2,0.01698630137,0.0045,2.20130280055163000E+27,archival_poor,real
SN2012au,56010.3,5.658,56000,10.3,0.02821917808,0.0045,2.70995893070520000E+27,archival_poor,real
SN2012au,56040.1,9.569,56000,40.1,0.1098630137,0.0045,4.58317373770204000E+27,archival_poor,real
SN2016coi,57542,1.15,57535.54,6.46,0.01769863014,0.0036,3.52031814310730000E+26,archival_poor,real
SN2016coi,57552,4.8,57535.54,16.46,0.04509589041,0.0036,1.46935018147087000E+27,archival_poor,real
SN2016coi,57577,12.9,57535.54,41.46,0.1135890411,0.0036,3.94887861270298000E+27,archival_poor,real
SN2016coi,57638,13.5,57535.54,102.46,0.2807123288,0.0036,4.13254738538684000E+27,archival_poor,real
SN2016coi,57801,6.2,57535.54,265.46,0.7272876712,0.0036,1.89791065106654000E+27,archival_poor,real
SN2017hcb,58569,0.5,58019.535,549.465,1.505383562,0.017,3.00E+27,VLASS_poor,real
SN2003bg,58663,4.1,52695,5968,16.35068493,0.004403,2.83E+27,VLASS_poor,real
SN2012at,58153,2,55963,2190,6,,2.50E+27,VLASS_poor,real
SN2012at,59155,1.9,55963,3192,8.745205479,,2.30E+27,VLASS_poor,real
SN2012ap,58027,4,55967,2060,5.643835616,0.01224,8.90E+27,VLASS_poor,real
SN2012ap,59078,4.5,55967,3111,8.523287671,0.01224,1.00E+28,VLASS_poor,real
SN2005ha,58123,2.2,53656,4467,12.23835616,,3.70E+27,VLASS_none,real
SN2005ha,59048,1.9,53656,5392,14.77260274,,3.20E+27,VLASS_none,real
SN2002hi,58572,2.1,52568,6004,16.44931507,,1.70E+29,VLASS_rich,real
SN2017iuk,58150,4.8,58094.25347,55.74652778,0.1527302131,0.0368,1.39E+29,17iuk,real
SN2017iuk,59133,0.45,58094.25347,1038.746528,2.845880898,0.0368,1.30E+28,17iuk,upper
SN2004C,58020,4.2,53016,5004,13.70958904,0.0057,2.80E+27,VLASS_poor,real
SN2004C,59064,5.3,53016,6048,16.56986301,0.0057,3.50E+27,,real
SN1965G,59064,7.7,38842,20222,55.40273973,,1.15E+28,VLASS_none,real
SN1965G,58082,7.8,38842,19240,52.71232877,,1.17E+28,VLASS_none,real
SN2012cc,59099,2.3,56046,3053,8.364383562,,1.10E+28,VLASS_rich,real
SN2012au,58590,4.5,56000,2590,7.095890411,0.0045,3.00E+27,VLASS_poor,real
PTF11qcj,58553,6.8,55866,2687,7.361643836,0.0287,1.12E+29,VLASS_poor,real
SN2009fi,58561,2.2,54981,3580,9.808219178,,1.17E+28,VLASS_rich,real
SN2004dk,58611,6.3,53218,5393,14.77534247,0.0052,3.34E+27,VLASS_poor,real
SN2016coi,59049,1.8,57535.54,1513.46,4.146465753,0.0036,4.70E+26,VLASS_poor,real
SN2014C,58604,29,56662,1942,5.320547945,0.002722,7.91E+27,VLASS_poor,real
SN2018hon,58585,0.52,58416.26899,168.73101,0.4622767397,0.081,9.01E+28,new_VLASS,real
SN2018hon,59549,1.803,58416.26899,1132.73101,3.10337263,0.081,3.12E+29,new_VLASS,real
SN2018hon,60480,0.372,58416.26899,2063.73101,5.654057562,0.081,6.45E+28,new_VLASS,real
SN2018hon,60826.70367,0.532,58416.26899,2410.43468,6.60393063,0.081,9.22E+28,new_VLASS,upper
SN2019aur,58652,0.977,58526.26199,125.7380093,0.3444876966,0.0124,3.60E+27,new_VLASS,real
SN2019aur,59499,0.414,58526.26199,972.7380093,2.665035642,0.0124,1.52E+27,new_VLASS,real
SN2019aur,60470,0.359,58526.26199,1943.738009,5.325309614,0.0124,1.32E+27,new_VLASS,real
SN2019aur,60840.76803,0.365,58526.26199,2314.506039,6.341112436,0.0124,1.34E+27,new_VLASS,real
SN2019njv,58031,0.289,58707.29899,-676.29899,-1.852873945,0.01458,1.48E+27,new_VLASS,real
SN2019njv,59070,0.697,58707.29899,362.70101,0.9937013973,0.01458,3.56E+27,new_VLASS,real
SN2019njv,59978,8.017,58707.29899,1270.70101,3.48137263,0.01458,4.09E+28,new_VLASS,real
SN2019njv,60823.48927,5.902,58707.29899,2116.19028,5.797781589,0.01458,3.01E+28,new_VLASS,real
SN2019pqo,58584,0.367,58733.21242,-149.21242,-0.4088011507,0.01413,1.76E+27,new_VLASS,real
SN2019pqo,59533,0.359,58733.21242,799.78758,2.191198849,0.01413,1.72E+27,new_VLASS,real
SN2019pqo,60481,0.938,58733.21242,1747.78758,4.788459123,0.01413,4.49E+27,new_VLASS,real
SN2019pqo,60827.12607,2.045,58733.21242,2093.91365,5.736749726,0.01413,9.80E+27,new_VLASS,real
SN2019yvs,58590,0.364,58845.55899,-255.55899,-0.7001616164,0.0255,5.78E+27,new_VLASS,real
SN2019yvs,59488,0.389,58845.55899,642.44101,1.760112356,0.0255,6.17E+27,new_VLASS,real
SN2019yvs,60471,0.894,58845.55899,1625.44101,4.453263041,0.0255,1.42E+28,new_VLASS,real
SN2019yvs,60828.05281,0.713,58845.55899,1982.49382,5.431489918,0.0255,1.13E+28,new_VLASS,real
SN2020aqe,58157,0.411,58871.575,-714.575,-1.957739726,0.01225,1.48E+27,new_VLASS,real
SN2020aqe,59154,1.946,58871.575,282.425,0.7737671233,0.01225,6.99E+27,new_VLASS,real
SN2020aqe,60098,0.648,58871.575,1226.425,3.360068493,0.01225,2.33E+27,new_VLASS,real
SN2020aqe,60827.03267,2.614,58871.575,1955.45767,5.357418274,0.01225,9.39E+27,new_VLASS,upper
SN2020ywx,58121,0.314,59157.62,-1036.62,-2.840054795,0.0217,3.59E+27,new_VLASS,real
SN2020ywx,59051,0.359,59157.62,-106.62,-0.292109589,0.0217,4.10E+27,new_VLASS,real
SN2020ywx,59969,2.923,59157.62,811.38,2.222958904,0.0217,3.34E+28,new_VLASS,real
SN2020ywx,60839.16554,1.521,59157.62,1681.54554,4.606974082,0.0217,1.74E+28,new_VLASS,real
SN2021aefs,58157,0.511,59527.272,-1370.272,-3.754169863,0.01225,1.84E+27,new_VLASS,real
SN2021aefs,59154,1.946,59527.272,-373.272,-1.022663014,0.01225,6.99E+27,new_VLASS,real
SN2021aefs,60098,0.648,59527.272,570.728,1.563638356,0.01225,2.33E+27,new_VLASS,real
SN2021aefs,60828.01716,3.78,59527.272,1300.74516,3.56368537,0.01225,1.36E+28,new_VLASS,upper
SN2021bmf,58651,0.284,59244.613,-593.613,-1.626336986,0.04,1.13E+28,new_VLASS,real
SN2021bmf,59483,5.57,59244.613,238.387,0.6531150685,0.04,2.22E+29,new_VLASS,real
SN2021bmf,60479,9.036,59244.613,1234.387,3.381882192,0.04,3.60E+29,new_VLASS,real
SN2021bmf,60825.39025,7.343,59244.613,1580.77725,4.330896575,0.04,2.93E+29,new_VLASS,real
SN2021tcv,58587,0.343,59406.596,-819.596,-2.245468493,0.017,2.39E+27,new_VLASS,real
SN2021tcv,59511,0.498,59406.596,104.404,0.2860383562,0.017,3.47E+27,new_VLASS,real
SN2021tcv,60455,1.213,59406.596,1048.404,2.872339726,0.017,8.45E+27,new_VLASS,real
SN2021tcv,60831.59135,1.59,59406.596,1424.99535,3.904096849,0.017,1.11E+28,new_VLASS,real
SN2022cb,58122,0.268,59584.822,-1462.822,-4.007731507,0.035,8.13E+27,new_VLASS,real
SN2022cb,59063,0.568,59584.822,-521.822,-1.429649315,0.035,1.72E+28,new_VLASS,real
SN2022cb,59975,0.954,59584.822,390.178,1.068980822,0.035,2.89E+28,new_VLASS,real
SN2022cb,60847.77258,0.888,59584.822,1262.950577,3.460138567,0.035,2.69E+28,new_VLASS,real
SN2023rky,58608,0.391,60193.336,-1585.336,-4.343386301,0.01519,2.17E+27,new_VLASS,real
SN2023rky,59525,0.286,60193.336,-668.336,-1.831057534,0.01519,1.59E+27,new_VLASS,real
SN2023rky,60489,0.667,60193.336,295.664,0.8100383562,0.01519,3.70E+27,new_VLASS,real
SN2023rky,60848.41062,0.333,60193.336,655.0746215,1.79472499,0.01519,1.85E+27,new_VLASS,real
SN2024ehs,58157,0.309,60384.47002,-2227.47002,-6.102657589,0.00377,1.04E+26,new_VLASS,real
SN2024ehs,59535,0.333,60384.47002,-849.47002,-2.327315123,0.00377,1.12E+26,new_VLASS,real
SN2024ehs,60431,0.997,60384.47002,46.52998,0.1274793973,0.00377,3.35E+26,new_VLASS,real
SN2024ehs,60840.17381,0.102,60384.47002,455.70379,1.248503534,0.00377,3.43E+25,new_VLASS,real
SN1985F,46142,0.189,Ib/c,45789,0.9671232877,353,1.17E+25,old_poor,real
SN1985F,46277,0.33,Ib/c,45789,1.336986301,488,2.05E+25,old_poor,real
SN1994I,49495,9.81,Ic,49442,0.1452054795,53,7.33E+26,old_poor,real
SN1994I,49504,7.15,Ic,49442,0.1698630137,62,5.34E+26,old_poor,real
SN1997X,50485,1.256,Ib/c,50473,0.03287671233,12,6.82E+26,old_poor,real
SN1997X,52929,0.123,Ib/c,50473,6.728767123,2456,6.68E+25,old_poor,real
SN2001ci,52066,1.166,Ic,52020,0.1260273973,46,3.75E+26,old_poor,real
SN2001ci,52435,0.133,Ic,52020,1.136986301,415,4.28E+25,old_poor,real
SN2004C,53043,2.154,Ic,52996,0.1287671233,47,2.74E+27,old_poor,real
SN2004C,54919,0.71,Ic,52996,5.268493151,1923,9.03E+26,old_poor,real
SN2007C,54111,0.825,Ib,54097,0.03835616438,14,5.09E+26,old_poor,real
SN2007C,54139,0.25,Ib,54097,0.1150684932,42,1.54E+26,old_poor,real
SN1987F,47882,0.43,IIn,46876,2.756164384,1006,3.26E+27,old_rich,real
SN1987F,47935,0.18,IIn,46876,2.901369863,1059,1.36E+27,old_rich,real
SN1987F,48239,0.18,IIn,46876,3.734246575,1363,1.36E+27,old_rich,real
SN1987F,49008,0.09,IIn,46876,5.84109589,2132,6.82E+26,old_rich,real
SN1993N,49401,0.11,IIn,49092,0.8465753425,309,3.32E+26,old_rich,real
SN1993N,50471,0.186,IIn,49092,3.778082192,1379,5.61E+26,old_rich,real
SN1994W,49586,0.146,IIn-P,49563,0.06301369863,23,1.13E+26,old_rich,real
SN1994W,49975,0.167,IIn-P,49563,1.128767123,412,1.29E+26,old_rich,real
SN1994W,51479,0.171,IIn-P,49563,5.249315068,1916,1.32E+26,old_rich,real
SN1994W,51479,0.171,IIn-P,49563,5.249315068,1916,1.32E+26,old_rich,real
SN1996ae,50245,0.292,IIn,50109,0.3726027397,136,1.38E+26,old_rich,real
SN1996ae,50312,0.279,IIn,50109,0.5561643836,203,1.32E+26,old_rich,real
SN1996ae,50379,0.165,IIn,50109,0.7397260274,270,7.82E+25,old_rich,real
SN1996ae,51346,0.193,IIn,50109,3.389041096,1237,9.14E+25,old_rich,real
SN1996bu,50421,0.162,IIn,50401,0.05479452055,20,2.06E+25,old_rich,real
SN1996bu,51480,0.129,IIn,50401,2.956164384,1079,1.64E+25,old_rich,real
SN1997ab,50714,0.125,IIn,50184,1.452054795,530,4.35E+26,old_rich,real
SN1997ab,50854,0.251,IIn,50184,1.835616438,670,8.72E+26,old_rich,real
SN1997ab,50973,0.193,IIn,50184,2.161643836,789,6.71E+26,old_rich,real
SN1998S,50964,0.097,IIn,50872,0.2520547945,92,2.58E+25,old_rich,real
SN1998S,50973,0.129,IIn,50872,0.2767123288,101,3.43E+25,old_rich,real
SN1998S,51105,0.175,IIn,50872,0.6383561644,233,4.65E+25,old_rich,real
SN1998S,51479,1.08,IIn,50872,1.663013699,607,2.87E+26,old_rich,real
SN1998S,51934,0.775,IIn,50872,2.909589041,1062,2.06E+26,old_rich,real
SN1998S,53033,0.679,IIn,50872,5.920547945,2161,1.80E+26,old_rich,real
SN1998S,54248,0.19,IIn,50872,9.249315068,3376,5.05E+25,old_rich,real
SN1999el,51479,0.101,IIn,51471,0.02191780822,8,6.45E+25,old_rich,real
SN1999el,51834,0.145,IIn,51471,0.9945205479,363,9.26E+25,old_rich,real
SN2000P,51689,0.378,IIn,51611,0.2136986301,78,4.12E+26,old_rich,real
SN2000P,51834,0.09,IIn,51611,0.6109589041,223,9.82E+25,old_rich,real
SN2005kd,53695,0.454,IIn,53684,0.0301369863,11,2.62E+27,old_rich,real
SN2005kd,53695,1.011,IIn,53684,0.0301369863,11,5.83E+27,old_rich,real
SN2005kd,53725,0.362,IIn,53684,0.1123287671,41,2.09E+27,old_rich,real
SN2005kd,53725,0.99,IIn,53684,0.1123287671,41,5.71E+27,old_rich,real
SN2005kd,54371,0.16,IIn,53684,1.882191781,687,9.22E+26,old_rich,real
SN1982F,45943,1.16,IIP,45024,2.517808219,919,5.34E+25,old_rich,real
SN1982F,46057,0.18,IIP,45024,2.830136986,1033,8.28E+24,old_rich,real
SN1985G,46192,0.212,IIP,46141,0.1397260274,51,1.11E+26,old_rich,real
SN1985G,46309,0.675,IIP,46141,0.4602739726,168,3.53E+26,old_rich,real
SN1985G,46779,0.623,IIP,46141,1.747945205,638,3.26E+26,old_rich,real
SN1985H,46192,0.155,II,46167,0.06849315068,25,4.75E+25,old_rich,real
SN1985H,47192,0.3,II,46167,2.808219178,1025,9.19E+25,old_rich,real
SN1987K,47052,2.6,IIb,47007,0.1232876712,45,8.47E+26,old_rich,real
SN1987K,47882,0.634,IIb,47007,2.397260274,875,2.07E+26,old_rich,real
SN1987K,49401,0.225,IIb,47007,6.55890411,2394,7.33E+25,old_rich,real
SN1989L,47884,0.254,II,47650,0.6410958904,234,1.47E+26,old_rich,real
SN1989L,47938,0.162,II,47650,0.7890410959,288,9.38E+25,old_rich,real
SN1989L,48016,0.204,II,47650,1.002739726,366,1.18E+26,old_rich,real
SN1990K,48041,0.149,II,48025,0.04383561644,16,9.76E+25,old_rich,real
SN1990K,49023,0.114,II,48025,2.734246575,998,7.47E+25,old_rich,real
SN1991G,48912,0.487,IIP,48279,1.734246575,633,1.13E+26,old_rich,real
SN1991G,50705,0.069,IIP,48279,6.646575342,2426,1.60E+25,old_rich,real
SN1992H,49059,0.084,II,48663,1.084931507,396,1.24E+26,old_rich,real
SN1992H,49975,0.269,II,48663,3.594520548,1312,3.97E+26,old_rich,real
SN1992ad,49286,0.4,II,48803,1.323287671,483,2.40E+26,old_rich,real
SN1992ad,50223,0.15,II,48803,3.890410959,1420,9.01E+25,old_rich,real
SN1992bd,48926,0.081,II,48907,0.05205479452,19,2.77E+25,old_rich,real
SN1992bd,49011,0.132,II,48907,0.2849315068,104,4.51E+25,old_rich,real
SN1992bd,49023,0.141,II,48907,0.3178082192,116,4.82E+25,old_rich,real
SN1992bd,49477,0.249,II,48907,1.561643836,570,8.51E+25,old_rich,real
SN1992bd,49726,0.3,II,48907,2.243835616,819,1.03E+26,old_rich,real
SN1994P,49495,0.108,II,49372,0.3369863014,123,4.96E+25,old_rich,real
SN1994P,49562,0.061,II,49372,0.5205479452,190,2.80E+25,old_rich,real
SN1994P,49975,0.235,II,49372,1.652054795,603,1.08E+26,old_rich,real
SN1995X,49975,0.336,II,49932,0.1178082192,43,2.61E+26,old_rich,real
SN1995X,50973,0.143,II,49932,2.852054795,1041,1.11E+26,old_rich,real
SN1995X,50981,0.102,II,49932,2.873972603,1049,7.94E+25,old_rich,real
SN1995X,51834,0.177,II,49932,5.210958904,1902,1.38E+26,old_rich,real
SN1996W,50379,0.19,II,50183,0.5369863014,196,3.38E+25,old_rich,real
SN1996W,50471,0.264,II,50183,0.7890410959,288,4.70E+25,old_rich,real
SN1996W,50822,0.208,II,50183,1.750684932,639,3.70E+25,old_rich,real
SN1996an,50312,0.279,II,50233,0.2164383562,79,1.22E+26,old_rich,real
SN1996an,50361,1.029,II,50233,0.3506849315,128,4.49E+26,old_rich,real
SN1996an,50361,0.45,II,50233,0.3506849315,128,1.96E+26,old_rich,real
SN1996cb,50450,0.99,IIb,50429,0.05753424658,21,2.29E+26,old_rich,real
SN1996cb,50465,0.26,IIb,50429,0.09863013699,36,6.01E+25,old_rich,real
SN1997W,51479,0.106,II,50480,2.736986301,999,7.92E+26,old_rich,real
SN1997W,51834,0.206,II,50480,3.709589041,1354,1.54E+27,old_rich,real
SN1997db,50854,0.06,II,50662,0.5260273973,192,2.56E+25,old_rich,real
SN1997db,51346,0.111,II,50662,1.873972603,684,4.74E+25,old_rich,real
SN1997db,51834,0.145,II,50662,3.210958904,1172,6.20E+25,old_rich,real
SN1998bm,50929,0.18,II,50924,0.01369863014,5,1.31E+26,old_rich,real
SN1998bm,51480,0.139,II,50924,1.523287671,556,1.01E+26,old_rich,real
SN1998dl,51062,0.112,IIP,51027,0.09589041096,35,4.89E+25,old_rich,real
SN1998dl,51346,0.141,IIP,51027,0.8739726027,319,6.15E+25,old_rich,real
SN1998dn,51346,0.117,II,51044,0.8273972603,302,2.63E+25,old_rich,real
SN1998dn,51834,0.188,II,51044,2.164383562,790,4.22E+25,old_rich,real
SN1999D,51236,0.3,II,51194,0.1150684932,42,9.93E+26,old_rich,real
SN1999D,51480,0.213,II,51194,0.7835616438,286,7.05E+26,old_rich,real
SN1999em,51487,0.264,IIP,51475,0.03287671233,12,4.18E+25,old_rich,real
SN1999em,51513,0.162,IIP,51475,0.104109589,38,2.56E+25,old_rich,real
SN1999em,51525,0.194,IIP,51475,0.1369863014,50,3.07E+25,old_rich,real
SN1999em,51539,0.128,IIP,51475,0.1753424658,64,2.03E+25,old_rich,real
SN1999em,51588,0.105,IIP,51475,0.3095890411,113,1.66E+25,old_rich,real
SN1999gi,51525,0.087,IIP,51518,0.01917808219,7,1.60E+25,old_rich,real
SN1999gi,51731,0.2,IIP,51518,0.5835616438,213,3.68E+25,old_rich,real
SN1999gi,53020,0.096,IIP,51518,4.115068493,1502,1.77E+25,old_rich,real
SN1999gq,51555,0.147,IIP,51535,0.05479452055,20,4.91E+25,old_rich,real
SN1999gq,51555,0.154,IIP,51535,0.05479452055,20,5.14E+25,old_rich,real
SN2002hh,52583,0.483,II,52578,0.01369863014,5,1.81E+25,old_rich,real
SN2002hh,52585,0.522,II,52578,0.01917808219,7,1.96E+25,old_rich,real
SN2002hh,52585,0.192,II,52578,0.01917808219,7,7.20E+24,old_rich,real
SN2002hh,52593,0.81,II,52578,0.04109589041,15,3.04E+25,old_rich,real
SN2002hh,52605,1.333,II,52578,0.07397260274,27,5.00E+25,old_rich,real
SN2002hh,52613,1.3,II,52578,0.09589041096,35,4.88E+25,old_rich,real
SN2003ed,52863,3.697,II,52759,0.2849315068,104,2.81E+27,old_rich,real
SN2003ed,52997,2.423,II,52759,0.6520547945,238,1.84E+27,old_rich,real
SN2003ed,53030,2.321,II,52759,0.7424657534,271,1.76E+27,old_rich,real
SN2003gd,52807,0.24,IIP,52715,0.2520547945,92,2.12E+25,old_rich,real
SN2003gd,52824,0.2,IIP,52715,0.298630137,109,1.77E+25,old_rich,real
SN2003gd,52872,0.123,IIP,52715,0.4301369863,157,1.09E+25,old_rich,real
SN2003gd,52917,0.222,IIP,52715,0.5534246575,202,1.96E+25,old_rich,real
SN2003gd,53057,0.2,IIP,52715,0.9369863014,342,1.77E+25,old_rich,real
SN2003ie,53030,0.181,IIP,52901,0.3534246575,129,4.06E+25,old_rich,real
SN2003ie,53039,0.178,IIP,52901,0.3780821918,138,4.00E+25,old_rich,real
SN2003ie,53258,0.166,IIP,52901,0.9780821918,357,3.73E+25,old_rich,real
SN2003ie,54873,0.171,IIP,52901,5.402739726,1972,3.84E+25,old_rich,real
SN2004A,53025,0.163,IIP,53010,0.04109589041,15,5.64E+25,old_rich,real
SN2004A,53033,0.442,IIP,53010,0.06301369863,23,1.53E+26,old_rich,real
SN2004A,53039,0.188,IIP,53010,0.07945205479,29,6.50E+25,old_rich,real
SN2004A,53085,0.152,IIP,53010,0.2054794521,75,5.26E+25,old_rich,real
SN2004A,53117,0.211,IIP,53010,0.2931506849,107,7.30E+25,old_rich,real
SN2004A,53138,0.194,IIP,53010,0.3506849315,128,6.71E+25,old_rich,real
SN2004am,52957,0.34,IIP,52950,0.01917808219,7,5.87E+24,old_rich,real
SN2004am,52957,1,IIP,52950,0.01917808219,7,1.73E+25,old_rich,real
SN2004am,53258,2.529,IIP,52950,0.8438356164,308,4.37E+25,old_rich,real
SN2004am,53258,3.039,IIP,52950,0.8438356164,308,5.25E+25,old_rich,real
SN2004am,53283,0.996,IIP,52950,0.9123287671,333,1.72E+25,old_rich,real
SN2004et,53278,0.291,IIP,53270,0.02191780822,8,1.09E+25,old_rich,real
SN2004et,53283,0.341,IIP,53270,0.03561643836,13,1.28E+25,old_rich,real
SN2004et,53283,0.33,IIP,53270,0.03561643836,13,1.24E+25,old_rich,real
SN2004et,53285,0.641,IIP,53270,0.04109589041,15,2.41E+25,old_rich,real
SN2004et,53290,1.091,IIP,53270,0.05479452055,20,4.09E+25,old_rich,real
SN2004et,53301,1.316,IIP,53270,0.08493150685,31,4.94E+25,old_rich,real
SN2004et,53308,1.866,IIP,53270,0.104109589,38,7.00E+25,old_rich,real
SN2004et,53315,1.993,IIP,53270,0.1232876712,45,7.48E+25,old_rich,real
SN2004et,53330,1.798,IIP,53270,0.1643835616,60,6.75E+25,old_rich,real
SN2004et,53339,1.919,IIP,53270,0.1890410959,69,7.20E+25,old_rich,real
SN2004et,53349,1.771,IIP,53270,0.2164383562,79,6.65E+25,old_rich,real
SN2004et,53408,1.081,IIP,53270,0.3780821918,138,4.06E+25,old_rich,real
SN2004et,53421,1.23,IIP,53270,0.4136986301,151,4.62E+25,old_rich,real
SN2005U,53409,0.3,IIb,53398,0.0301369863,11,1.01E+27,old_rich,real
SN2005U,53534,1,IIb,53398,0.3726027397,136,3.37E+27,old_rich,real
SN2005ay,53475,0.082,IIP,53450,0.06849315068,25,1.58E+25,old_rich,real
SN2005ay,53534,0.188,IIP,53450,0.2301369863,84,3.63E+25,old_rich,real
SN2005ay,53556,0.12,IIP,53450,0.2904109589,106,2.32E+25,old_rich,real
SN2005ay,53800,0.12,IIP,53450,0.9589041096,350,2.32E+25,old_rich,real
SN2005dl,53828,0.521,II,53607,0.6054794521,221,2.59E+26,old_rich,real
SN2005dl,57648,0.033,II,53607,11.07123288,4041,1.64E+25,old_rich,real
SN2006bp,53843,0.11,IIP,53834,0.02465753425,9,3.63E+25,old_rich,real
SN2006bp,53843,0.217,IIP,53834,0.02465753425,9,7.15E+25,old_rich,real
SN2006bp,53843,0.498,IIP,53834,0.02465753425,9,1.64E+26,old_rich,real
SN2006bp,54003,0.12,IIP,53834,0.4630136986,169,3.96E+25,old_rich,real
SN2006my,54051,0.441,IIP,53948,0.2821917808,103,1.44E+26,old_rich,real
SN2006my,54052,1.5,IIP,53948,0.2849315068,104,4.89E+26,old_rich,real
SN2006my,54052,2.1,IIP,53948,0.2849315068,104,6.84E+26,old_rich,real
SN2006my,54874,0.423,IIP,53948,2.536986301,926,1.38E+26,old_rich,real
SN2006ov,54068,0.396,IIP,54034,0.09315068493,34,1.01E+26,old_rich,real
SN2006ov,54068,0.138,IIP,54034,0.09315068493,34,3.52E+25,old_rich,real
SN2006ov,54074,0.287,IIP,54034,0.1095890411,40,7.32E+25,old_rich,real
SN2006ov,54831,0.32,IIP,54034,2.183561644,797,8.16E+25,old_rich,real
SN2008ax,54532,1.19,IIb,54528,0.01095890411,4,5.47E+25,old_rich,real
SN2008ax,54532,5.802,IIb,54528,0.01095890411,4,2.67E+26,old_rich,real
SN2008ax,54535,3.94,IIb,54528,0.01917808219,7,1.81E+26,old_rich,real
SN2008ax,54535,6.742,IIb,54528,0.01917808219,7,3.10E+26,old_rich,real
SN2008ax,54536,4.278,IIb,54528,0.02191780822,8,1.97E+26,old_rich,real
SN2008ax,54536,2.082,IIb,54528,0.02191780822,8,9.58E+25,old_rich,real
SN2008ax,54537,4.63,IIb,54528,0.02465753425,9,2.13E+26,old_rich,real
SN2008ax,54537,3.016,IIb,54528,0.02465753425,9,1.39E+26,old_rich,real
SN2008ax,54538,4.934,IIb,54528,0.02739726027,10,2.27E+26,old_rich,real
SN2008ax,54538,2.934,IIb,54528,0.02739726027,10,1.35E+26,old_rich,real
SN2008ax,54542,4.807,IIb,54528,0.03835616438,14,2.21E+26,old_rich,real
SN2008ax,54542,2.37,IIb,54528,0.03835616438,14,1.09E+26,old_rich,real
SN2008ax,54542,3.993,IIb,54528,0.03835616438,14,1.84E+26,old_rich,real
SN2008ax,54543,4.04,IIb,54528,0.04109589041,15,1.86E+26,old_rich,real
SN2008ax,54543,1.159,IIb,54528,0.04109589041,15,5.33E+25,old_rich,real
SN2008ax,54543,3.646,IIb,54528,0.04109589041,15,1.68E+26,old_rich,real
SN2008ax,54544,1.643,IIb,54528,0.04383561644,16,7.56E+25,old_rich,real
SN2008ax,54544,4.13,IIb,54528,0.04383561644,16,1.90E+26,old_rich,real
SN2008ax,54546,2.631,IIb,54528,0.04931506849,18,1.21E+26,old_rich,real
SN2008ax,54546,3.449,IIb,54528,0.04931506849,18,1.59E+26,old_rich,real
SN2008ax,54551,1.052,IIb,54528,0.06301369863,23,4.84E+25,old_rich,real
SN2008ax,54551,2.748,IIb,54528,0.06301369863,23,1.26E+26,old_rich,real
SN2008ax,54551,3.448,IIb,54528,0.06301369863,23,1.59E+26,old_rich,real
SN2008ax,54557,0.479,IIb,54528,0.07945205479,29,2.20E+25,old_rich,real
SN2008ax,54557,1.396,IIb,54528,0.07945205479,29,6.42E+25,old_rich,real
SN2008ax,54557,2.492,IIb,54528,0.07945205479,29,1.15E+26,old_rich,real
SN2008ax,54559,0.445,IIb,54528,0.08493150685,31,2.05E+25,old_rich,real
SN2008ax,54559,1.13,IIb,54528,0.08493150685,31,5.20E+25,old_rich,real
SN2008ax,54559,1.96,IIb,54528,0.08493150685,31,9.01E+25,old_rich,real
SN2008ax,54563,0.249,IIb,54528,0.09589041096,35,1.15E+25,old_rich,real
SN2008ax,54563,0.875,IIb,54528,0.09589041096,35,4.02E+25,old_rich,real
SN2008ax,54563,1.706,IIb,54528,0.09589041096,35,7.85E+25,old_rich,real
SN2008ax,54568,1.023,IIb,54528,0.1095890411,40,4.71E+25,old_rich,real
SN2008ax,54568,1.978,IIb,54528,0.1095890411,40,9.10E+25,old_rich,real
SN2008ax,54572,1.04,IIb,54528,0.1205479452,44,4.78E+25,old_rich,real
SN2008ax,54572,1.694,IIb,54528,0.1205479452,44,7.79E+25,old_rich,real
SN2008ax,54577,0.927,IIb,54528,0.1342465753,49,4.26E+25,old_rich,real
SN2008ax,54577,1.814,IIb,54528,0.1342465753,49,8.34E+25,old_rich,real
SN2008ax,54583,1.382,IIb,54528,0.1506849315,55,6.36E+25,old_rich,real
SN2008ax,54583,2.68,IIb,54528,0.1506849315,55,1.23E+26,old_rich,real
SN2008ax,54587,0.341,IIb,54528,0.1616438356,59,1.57E+25,old_rich,real
SN2008ax,54587,1.028,IIb,54528,0.1616438356,59,4.73E+25,old_rich,real
SN2008ax,54587,2.771,IIb,54528,0.1616438356,59,1.27E+26,old_rich,real
SN2008ax,54594,0.671,IIb,54528,0.1808219178,66,3.09E+25,old_rich,real
SN2008ax,54594,0.812,IIb,54528,0.1808219178,66,3.73E+25,old_rich,real
SN2008ax,54594,1.936,IIb,54528,0.1808219178,66,8.90E+25,old_rich,real
SN2008ax,54602,0.453,IIb,54528,0.202739726,74,2.08E+25,old_rich,real
SN2008ax,54602,1.17,IIb,54528,0.202739726,74,5.38E+25,old_rich,real
SN2008ax,54607,0.511,IIb,54528,0.2164383562,79,2.35E+25,old_rich,real
SN2008ax,54607,1.581,IIb,54528,0.2164383562,79,7.27E+25,old_rich,real
SN2008ax,54610,0.493,IIb,54528,0.2246575342,82,2.27E+25,old_rich,real
SN2008ax,54610,0.98,IIb,54528,0.2246575342,82,4.51E+25,old_rich,real
SN2008bo,54561,0.234,IIb,54552,0.02465753425,9,1.02E+26,old_rich,real
SN2008bo,54561,0.477,IIb,54552,0.02465753425,9,2.08E+26,old_rich,real
SN2008bo,54563,0.225,IIb,54552,0.0301369863,11,9.82E+25,old_rich,real
SN2008bo,54574,0.507,IIb,54552,0.0602739726,22,2.21E+26,old_rich,real
SN2008bo,54581,0.361,IIb,54552,0.07945205479,29,1.58E+26,old_rich,real
SN2008bo,54581,0.63,IIb,54552,0.07945205479,29,2.75E+26,old_rich,real
SN2008bo,54583,0.186,IIb,54552,0.08493150685,31,8.12E+25,old_rich,real
SN2008bo,54583,0.224,IIb,54552,0.08493150685,31,9.78E+25,old_rich,real
SN2008bo,54583,0.436,IIb,54552,0.08493150685,31,1.90E+26,old_rich,real
SN2008bo,54587,0.318,IIb,54552,0.09589041096,35,1.39E+26,old_rich,real
SN2008bo,54587,0.183,IIb,54552,0.09589041096,35,7.99E+25,old_rich,real
SN2008bo,54587,0.395,IIb,54552,0.09589041096,35,1.72E+26,old_rich,real
SN2008bo,54595,0.138,IIb,54552,0.1178082192,43,6.02E+25,old_rich,real
SN2008bo,54595,0.365,IIb,54552,0.1178082192,43,1.59E+26,old_rich,real
SN2008bo,54601,0.275,IIb,54552,0.1342465753,49,1.20E+26,old_rich,real
SN2008bo,54610,0.156,IIb,54552,0.1589041096,58,6.81E+25,old_rich,real
SN2009dd,54937,0.114,II,54933,0.01095890411,4,2.64E+25,old_rich,real
SN2009dd,54952,0.126,II,54933,0.05205479452,19,2.91E+25,old_rich,real
SN2009dd,54958,0.06,II,54933,0.06849315068,25,1.39E+25,old_rich,real
SN2010as,55302,2.19,IIb,55271,0.08493150685,31,1.97E+27,old_rich,real
SN2010as,55311,3.1,IIb,55271,0.1095890411,40,2.78E+27,old_rich,real
SN2010as,55316,1.7,IIb,55271,0.1232876712,45,1.53E+27,old_rich,real
SN2010as,55333,1.69,IIb,55271,0.1698630137,62,1.52E+27,old_rich,real
SN2010as,55375,2.38,IIb,55271,0.2849315068,104,2.14E+27,old_rich,real
SN2010as,55412,2.27,IIb,55271,0.3863013699,141,2.04E+27,old_rich,real
SN2010as,55443,2,IIb,55271,0.4712328767,172,1.80E+27,old_rich,real
SN2010as,55492,1.9,IIb,55271,0.6054794521,221,1.71E+27,old_rich,real
SN1996N,50196,0.197,Ib,50151,0.1232876712,45,9.24E+25,old_poor,real
SN1999dn,51509,0.12,Ib,51405,0.2849315068,104,1.22E+26,old_poor,real
SN2005V,53476,0.23,Ib/c,53371,0.2876712329,105,1.06E+26,old_poor,real
SN1997ef,51881,-0.092,IbBL,50772,3.038356164,1109,3.44E+26,old_poor,upper
SN1994ai,49726,-0.0934,Ic,49706,0.05479452055,20,2.72E+25,old_poor,upper
SN1996aq,50361,-0.205,Ic,50312,0.1342465753,49,1.17E+26,old_poor,upper
SN1997ei,50973,-0.173,Ic,50772,0.5506849315,201,4.93E+26,old_poor,upper
SN1999cn,51346,-0.324,Ic,51343,0.008219178082,3,4.78E+27,old_poor,upper
SN2000ew,52929,-0.107,Ic,51869,2.904109589,1060,3.16E+25,old_poor,upper
SN2004bm,53146,-0.456,Ic,53112,0.09315068493,34,3.25E+26,old_poor,upper
SN2005kl,54873,-0.129,Ic,53675,3.282191781,1198,1.36E+26,old_poor,upper
SN1980O,47192,-0.36,II,44603,7.093150685,2589,1.38E+26,old_rich,upper
SN1993X,49975,-0.135,II,49221,2.065753425,754,2.65E+26,old_rich,upper
SN1995ad,49996,-0.603,II,49982,0.03835616438,14,5.26E+26,old_rich,upper
SN1996bw,51834,-0.206,II,50417,3.882191781,1417,1.54E+27,old_rich,upper
SN1997dn,51479,-0.129,II,50750,1.997260274,729,1.13E+26,old_rich,upper
SN1999B,51480,-0.162,II,51192,0.7890410959,288,1.89E+26,old_rich,upper
SN1999go,54873,-0.148,II,51530,9.15890411,3343,6.46E+26,old_rich,upper
SN2008jb,56061,0.089,II,54781,3.506849315,1280,9.21E+24,old_rich,upper
SN2009hd,55023,-0.18,II,55001,0.0602739726,22,1.98E+25,old_rich,upper
SN1993G,49401,-0.112,IIL,49042,0.9835616438,359,3.78E+26,old_rich,upper
SN2007ak,54189,-0.402,IIn,54169,0.05479452055,20,2.33E+27,old_rich,upper
SN2008X,55101,0.089,IIP,54479,1.704109589,622,1.33E+26,old_rich,real
SN2009E,55101,-0.147,IIP,54466,1.739726027,635,2.20E+26,old_rich,upper
SN1988Z,51934,-0.21,IIn,47496,12.15890411,4438,3.10E+27,old_rich,upper
SN1991ae,49401,-0.117,IIn,48391,2.767123288,1010,2.67E+27,old_rich,upper
SN1994Y,49975,-0.267,IIn,49542,1.18630137,433,6.88E+26,old_rich,upper
SN1994ak,49975,-0.217,IIn,49710,0.7260273973,265,4.82E+26,old_rich,upper
SN1996L,50854,-0.176,IIn,50154,1.917808219,700,5.19E+27,old_rich,upper
SN1999E,51236,-0.071,IIn,51066,0.4657534247,170,1.20E+27,old_rich,upper
SN1999eb,51479,-0.085,IIn,51453,0.07123287671,26,6.35E+26,old_rich,upper
SN2003dv,54873,-0.1,IIn,53111,4.82739726,1762,1.38E+26,old_rich,upper
SN2003lo,54873,-0.183,IIn,53004,5.120547945,1869,7.99E+26,old_rich,upper
SN2005gl,53819,-0.09,IIn,53669,0.4109589041,150,5.10E+26,old_rich,upper
SN2006gy,58287,-0.04,IIn,53602,12.83561644,4685,3.46E+26,old_rich,upper